,0,1,2,3,4,5,6,7,8,9,10,11,12,13,14,15,16,17,18,19,20,21,22,23,24,25,26,27,28,29,30,31,32,33,34,35,36,37,38,39,40,41,42,43,44,45,46,47,48,49,50,51,52,53,54,55,56,57,58,59,60,61,62,63,64,65,66,67,68,69,70,71,72,73,74,75,76,77,78,79,80,81,82,83,84,85,86,87,88,89,90,91,92,93,94,95,96,97,98,99,100,101,102,103,104,105,106,107,108,109,110,111,112,113,114,0
13,-15.732367542835082,-13.389367286634666,-12.739232442467394,-12.338442706941617,-13.458296244462847,-13.04189822061026,-14.0207453969622,-15.419624167759451,-13.08771427593368,-10.615857390082786,-10.82210712581864,-10.88307468244584,-11.408674112278785,-13.297586964005527,-13.57861221842964,-15.197998828427083,-17.34018228655157,-16.728935952743587,-17.438263748945836,-19.138757398229224,-17.717653613770928,-19.244093128330263,-22.30027790079601,-22.340142766011688,-21.664767579450434,-22.136978180773756,-23.0726525376187,-21.912666767032427,-20.366214233951045,-21.606012434816794,-22.466652554996816,-21.780907682547124,-20.606836681026397,-19.93941193179734,-19.471606109434852,-20.85669044230992,-23.862675591225575,-21.62932627274636,-19.44669999006182,-20.53480938489274,-21.433524602479693,-21.89640534719528,-22.072672487235387,-21.638191421022796,-22.796199659044245,0.0,0.0,0.0,0.0,0.0,0.0,0.0,0.0,0.0,0.0,0.0,0.0,0.0,0.0,0.0,0.0,0.0,0.0,0.0,0.0,0.0,0.0,0.0,0.0,0.0,0.0,0.0,0.0,0.0,0.0,0.0,0.0,0.0,0.0,0.0,0.0,0.0,0.0,0.0,0.0,0.0,0.0,0.0,0.0,0.0,0.0,0.0,0.0,0.0,0.0,0.0,0.0,0.0,0.0,0.0,0.0,0.0,0.0,0.0,0.0,0.0,0.0,0.0,0.0,0.0,0.0,0.0,0.0,0.0,0.0,1001_IEO_FEA_LO.wav
3,-15.141631683567798,-15.464671134377028,-15.148072193087387,-15.829204861323364,-17.108345481291636,-13.645026846999883,-9.034126193902392,-10.292994392881319,-15.482357169813671,-14.476565605950283,-13.154073794609612,-13.346603420737507,-15.507688307489634,-13.052514138602668,-11.431049713957542,-11.405506493896146,-11.867695035241958,-10.468635766177982,-10.582503787711222,-13.915783128001568,-15.582502598091612,-15.86988104885799,-17.534122331578207,-14.516444266253826,-13.297647616786126,-13.65851753392647,-14.20138442242025,-17.008163486678725,-19.3595645443978,-21.68345228568061,-22.227617610584232,-22.218448875259103,-23.308678585066875,-23.67663863357296,-22.969354839131206,-21.18429392916306,-19.888291130813936,-21.990032840601778,-22.444632867450768,-22.194837430781313,-22.435157808629437,-21.711911343318256,-23.900654707701978,-24.068263414969188,-23.34984053888167,-24.110667654284626,-22.565613644108684,-21.672820769106572,-22.178049537088878,-22.663339180130187,-20.366592513161343,-18.77825520357805,-18.25929371033683,-20.2807068988284,-22.537613468446175,-20.786716558650404,-21.646991833162254,-24.812272340798607,-21.73344861871097,0.0,0.0,0.0,0.0,0.0,0.0,0.0,0.0,0.0,0.0,0.0,0.0,0.0,0.0,0.0,0.0,0.0,0.0,0.0,0.0,0.0,0.0,0.0,0.0,0.0,0.0,0.0,0.0,0.0,0.0,0.0,0.0,0.0,0.0,0.0,0.0,0.0,0.0,0.0,0.0,0.0,0.0,0.0,0.0,0.0,0.0,0.0,0.0,0.0,0.0,0.0,0.0,0.0,0.0,0.0,0.0,1001_DFA_HAP_XX.wav
4,-11.54140606793511,-14.395037594972083,-22.832784402570475,-22.088275728270204,-18.592252620995943,-16.91335011140166,-16.76950853898736,-17.8181609283043,-16.28359739325966,-14.988836530506202,-13.02628485013646,-12.13770789570428,-10.78713620276334,-11.18947801936661,-12.804280183410498,-14.014815038195675,-16.405322296066174,-20.012405598589957,-16.972149870546872,-13.094062591035465,-10.421184680776115,-12.144483125506254,-15.510082172459356,-15.611108508544929,-15.799249771909045,-16.855962187305238,-13.661199869896867,-12.846389670650593,-13.563665143729057,-14.474409570719716,-14.923709607821944,-15.433119702934706,-17.147195457783106,-17.493292743994054,-18.603136708178326,-19.41827958174286,-20.212559872012143,-21.077826972433115,-20.26273369563777,-20.953937196089587,-21.216682705752127,-21.17130290550415,-21.651413141367943,-21.67918926971324,-21.102962786731993,-20.159852923851947,-21.53558546139931,-21.649517372395167,-20.0442426604702,-19.80245612656648,-20.82998371672956,-19.82833775981612,-19.023431212205704,-20.52943385717009,-20.49101351193036,-20.209169097269353,-19.997923324083533,-20.061986067759694,-20.99555326362779,-21.840015667708023,-20.59025733454479,-20.06625973455645,-22.87182095775522,-22.00134858426724,-18.855785590773742,-17.831546696815018,-18.083414057714652,0.0,0.0,0.0,0.0,0.0,0.0,0.0,0.0,0.0,0.0,0.0,0.0,0.0,0.0,0.0,0.0,0.0,0.0,0.0,0.0,0.0,0.0,0.0,0.0,0.0,0.0,0.0,0.0,0.0,0.0,0.0,0.0,0.0,0.0,0.0,0.0,0.0,0.0,0.0,0.0,0.0,0.0,0.0,0.0,0.0,0.0,0.0,0.0,1001_DFA_NEU_XX.wav
28,-7.484223861979017,-9.192412516709517,-11.326216149647404,-9.620038971793846,-10.151125615502476,-11.214931954183365,-10.171922538776586,-8.845660301011659,-10.366513130423446,-11.06040527050991,-13.552426123190774,-17.65287658165786,-17.613616059626924,-15.739642067753435,-11.953756470305112,-8.866392844974536,-7.937370219538375,-10.471564599479684,-9.604787665385121,-9.452758741989557,-12.60918232645311,-15.545564046217006,-15.131879128836799,-14.562781551300898,-13.544817071332442,-12.395112803823224,-12.051445104120226,-14.426805569789213,-15.937848462445732,-15.442017837263856,-17.93372180801424,-20.617309381129182,-19.151864741476295,-17.95272909495393,-18.87861347959496,-18.848029068607875,-17.99747966125341,-14.581729385272086,-13.99674258316045,-14.824222140111452,-16.20209229182901,-17.54890007133998,-19.145994190183462,-21.149660010227628,-21.39527129847739,-19.272494897697836,-17.883057154021596,-17.47135397063881,-20.23443204551502,-22.083519455660525,-21.939947962088016,-21.61852320082397,-22.44076287109813,-22.784231331222056,-22.732268326370846,-22.207894306811575,-22.390537119821413,-21.44698205079106,-20.438174380029004,-21.863873603239046,-20.154408594724416,-19.8618282646729,-22.292055396548577,-23.23724332416953,-23.57786237124353,-23.12640456663179,-21.744596847805386,-21.023136044009387,-20.24978153139228,-21.701495754592525,-21.16241470016336,-21.575911338495498,-21.418285235802827,-22.084683117452432,-21.704488254514498,-21.31469677340746,-20.969051818106344,-21.89029870602856,-23.42721428593089,-21.76621247471882,-22.643595940844026,0.0,0.0,0.0,0.0,0.0,0.0,0.0,0.0,0.0,0.0,0.0,0.0,0.0,0.0,0.0,0.0,0.0,0.0,0.0,0.0,0.0,0.0,0.0,0.0,0.0,0.0,0.0,0.0,0.0,0.0,0.0,0.0,0.0,0.0,1001_ITH_ANG_XX.wav
29,-18.74866329740698,-17.01269709351901,-15.698958605170095,-18.690865613208512,-17.96533012725253,-14.357500694269437,-11.708542837356662,-11.79346486185306,-12.853945043479172,-14.030664853118346,-14.202105265991616,-14.438295423996006,-16.75653433918994,-19.453086787843834,-18.247089373974532,-15.750313851211201,-16.531288749180845,-16.44689209471129,-17.46689141786101,-16.84957895440168,-17.641349336800324,-19.120683173843805,-18.780811694286033,-17.405023638533347,-17.995750532797217,-18.315546442237917,-19.704693373165018,-19.607875653465452,-19.255305415506758,-21.889490924373927,-20.06111830073467,-18.499409741144284,-15.935132248243674,-15.53717564082237,-16.91379332287704,-19.521258798883792,-19.696649480651907,-19.867184325507978,-20.96124543890852,-20.207627339830402,-20.72093386523805,-22.848857203108306,-25.062560051278247,-23.691732884842004,-19.656929771849086,-19.56244243754264,-20.575821913969307,-20.098935292688004,-21.538855425710565,-21.91754882738247,-23.11731708085471,-21.091258013889423,-21.230123856395128,-22.623567826722425,-22.380144509770272,-23.354889945559577,-24.58292545100212,-21.88782394663388,-21.89965809095369,-23.6041014998119,-23.56371849717772,-23.642891876772865,-22.9125704663222,-22.993561822774744,-23.58887637839056,-21.90514137728494,-21.86945643631504,-21.761902689526035,-21.68778050103194,-23.74262657149311,-24.13161526090812,-22.851433698433592,0.0,0.0,0.0,0.0,0.0,0.0,0.0,0.0,0.0,0.0,0.0,0.0,0.0,0.0,0.0,0.0,0.0,0.0,0.0,0.0,0.0,0.0,0.0,0.0,0.0,0.0,0.0,0.0,0.0,0.0,0.0,0.0,0.0,0.0,0.0,0.0,0.0,0.0,0.0,0.0,0.0,0.0,0.0,1001_ITH_DIS_XX.wav
15,-11.448674036149782,-13.775028797367309,-16.399622829985553,-15.657495420950754,-12.877521524226863,-13.156859912702886,-16.066733202786956,-15.205213228432829,-10.977956828957234,-12.62394815467983,-13.581362659793074,-14.91156157853424,-16.505290378155955,-14.950447231495007,-14.242303253973015,-15.156581911069562,-13.91588823315078,-15.23113243092769,-17.65449465647129,-15.94458511382881,-15.693393652455272,-19.35012259237317,-16.56153783040609,-14.806493634140587,-16.24949319487902,-16.899751585822568,-15.462968592979994,-15.615211291993147,-15.425439720545805,-15.800284087539106,-17.775139980207793,-19.550960039440078,-20.654948796273082,-21.24898429429527,-21.303351860753132,-19.54615433531985,-20.519717370275774,-20.975320002642853,-21.938265135103812,-23.53664607311543,-20.70416186643139,-19.595768986441783,-20.557225950192237,-22.771272214096157,-24.436572653058686,-22.71942345324834,-23.214753446908976,-22.002910420961182,-20.794186617370617,-20.71042246481174,-20.471894216640614,-21.769015478980883,-22.003111395370887,-21.059593444183612,-21.45170217049078,0.0,0.0,0.0,0.0,0.0,0.0,0.0,0.0,0.0,0.0,0.0,0.0,0.0,0.0,0.0,0.0,0.0,0.0,0.0,0.0,0.0,0.0,0.0,0.0,0.0,0.0,0.0,0.0,0.0,0.0,0.0,0.0,0.0,0.0,0.0,0.0,0.0,0.0,0.0,0.0,0.0,0.0,0.0,0.0,0.0,0.0,0.0,0.0,0.0,0.0,0.0,0.0,0.0,0.0,0.0,0.0,0.0,0.0,0.0,0.0,1001_IEO_HAP_HI.wav
14,-1.4463784857343251,-3.381938510624233,-10.855027877090803,-11.889581693983898,-11.035191269010117,-12.629692294467306,-13.562123926299803,-12.686957445841061,-12.690290199265272,-15.652479619622646,-17.33862253279406,-15.569776061450257,-12.467634385237401,-12.827597931338515,-14.601160269125062,-14.687250491761258,-12.653693722751928,-12.178417625939396,-13.889084833285994,-15.058166995796878,-16.38050379731736,-15.908588343147205,-18.255065497853394,-21.282792525977825,-20.23858678566692,-19.9666809379006,-21.371096371946674,-20.411447162637497,-18.717606054657175,-20.640361490859426,-24.329691288085705,-23.24973456481361,-21.6457091925667,-22.330513305788926,-23.42603939997235,-24.612608977608396,-23.258684243920797,-20.14153329062354,-21.306683238331892,-23.31870380953139,-21.152918744782262,-21.24630416306585,-22.116304151813207,-22.756434423756193,-21.292246312208835,-19.97161180097984,-20.140659760955256,-23.138643716962655,0.0,0.0,0.0,0.0,0.0,0.0,0.0,0.0,0.0,0.0,0.0,0.0,0.0,0.0,0.0,0.0,0.0,0.0,0.0,0.0,0.0,0.0,0.0,0.0,0.0,0.0,0.0,0.0,0.0,0.0,0.0,0.0,0.0,0.0,0.0,0.0,0.0,0.0,0.0,0.0,0.0,0.0,0.0,0.0,0.0,0.0,0.0,0.0,0.0,0.0,0.0,0.0,0.0,0.0,0.0,0.0,0.0,0.0,0.0,0.0,0.0,0.0,0.0,0.0,0.0,0.0,0.0,1001_IEO_FEA_MD.wav
31,-23.37428942412754,-21.068458886929093,-16.311061906608767,-11.463815352039786,-10.138984838276947,-9.964473055256178,-10.639161956141495,-12.50079240123135,-14.532211140232128,-12.078385671264472,-12.328183896106568,-15.427611622741077,-11.81742324649316,-10.135754849367931,-12.226947496292578,-9.223755978699376,-6.437675772391856,-5.673620179728577,-8.295885530991807,-11.31829845877511,-11.653221034873763,-12.899419871420708,-13.106781754500691,-13.782897348748019,-13.674156014226376,-10.213510901373432,-10.433059259563784,-10.620272902496485,-10.070684865514774,-10.1003643435356,-11.499480055809014,-14.04355268806208,-14.94167938976055,-15.835480782111704,-15.650768315038372,-14.306016501489905,-12.276751043025445,-11.711186528754606,-11.219156727066851,-11.391559936691333,-11.26879905813751,-12.35904519066108,-14.533124795451364,-14.758855048551244,-12.297192267518314,-10.461307860281718,-12.52028765944753,-13.398482892926019,-14.045264468429554,-15.97836089961231,-16.73560863479333,-15.204415654235733,-14.571090991305429,-16.85864911400755,-20.023162427554038,-21.513575799969185,-22.490810899544645,-21.135628396620522,-21.914335479062622,-21.14035917169825,-19.542488483943693,-20.40000171866927,-22.47580396399913,-21.726348524192737,-20.375974761876257,-20.410107896675125,-19.827384239406108,-19.932556134087317,-22.506905449088354,-22.33467345865084,-20.77236858127608,-19.635424529527395,-20.82384754731914,-22.81929597446452,-22.7610407893521,-22.038641011125986,-20.92022001146836,-21.84366411531124,-21.053202207838442,-21.01059072366045,-20.833679277167832,-21.83254923167569,-22.20618453213428,-21.405251122392237,-19.65601413444396,0.0,0.0,0.0,0.0,0.0,0.0,0.0,0.0,0.0,0.0,0.0,0.0,0.0,0.0,0.0,0.0,0.0,0.0,0.0,0.0,0.0,0.0,0.0,0.0,0.0,0.0,0.0,0.0,0.0,0.0,1001_ITH_HAP_XX.wav
42,-8.961183257035893,-9.701862444727576,-8.916195063595085,-7.804850804830918,-6.826093881086818,-7.279861319467004,-9.042633805243472,-9.743876210325308,-12.964363787964556,-13.389268403629321,-9.937811563327706,-10.321708504385413,-13.799850054760396,-8.745755256957723,-6.972816842874834,-11.93529731984722,-17.334148921226102,-16.309468230932147,-15.080615645273285,-14.886143328319244,-14.979964742498765,-16.98100157590263,-15.717049706357308,-13.444902792907694,-12.599048256754372,-14.56893549871584,-17.513628417051095,-19.95254882520682,-18.334692299746568,-13.116382517155177,-10.690804326999508,-12.162955935769133,-11.572304273431639,-10.726358172337614,-10.969205491556083,-13.933663159658867,-14.099796865429994,-14.088381574037443,-13.203433331077916,-13.16673988795981,-14.633704975474755,-16.250922730879402,-16.471444571532153,-17.736047058094687,-18.419438976461628,-17.35681965251824,-18.445384252987363,-19.4870572840116,-18.864304728682548,-19.25029872072435,-21.039131855473325,-21.077439679405327,-20.663174096959477,-20.010545528999312,-22.064007306243596,-23.59935569462934,-21.529298742862867,-21.013910249447296,-22.22889567862235,-22.865947032395372,-23.54404147702505,-22.754776011229076,-20.844246239400942,-21.51092055653007,-23.33423919081057,-22.010275298706922,-20.993461805018732,-20.48436060261753,-19.81501552221852,-21.177256077189707,-21.27295728343443,-21.036484832659333,-21.047903035468696,-20.91026098774824,-21.0702373618286,-23.296887413310795,-23.44656640469391,-21.698484607756534,-20.61835953209159,-21.654268560999608,-22.735266346347792,0.0,0.0,0.0,0.0,0.0,0.0,0.0,0.0,0.0,0.0,0.0,0.0,0.0,0.0,0.0,0.0,0.0,0.0,0.0,0.0,0.0,0.0,0.0,0.0,0.0,0.0,0.0,0.0,0.0,0.0,0.0,0.0,0.0,0.0,1001_IWL_FEA_XX.wav
26,-21.201434249470474,-20.991470051718633,-22.8666293152905,-21.697078110218964,-19.99254931380206,-19.109283277576967,-14.844901893680525,-11.726293209882938,-11.8501961491761,-13.766446630767906,-14.128027313542074,-13.024037059415834,-13.012919877961341,-10.872641413823741,-9.549133355808296,-10.751361779926041,-12.814123618085322,-16.858539413038834,-17.260174210640567,-15.707370663440445,-16.892847707886826,-13.860039438419344,-13.204067414519434,-13.91109248131582,-14.654984014649513,-17.346269453822732,-18.17403862194838,-15.522714331768546,-12.679576531777728,-11.051898725349561,-10.011406405064246,-10.77611790995267,-12.361670518112245,-14.907195691020696,-15.577269347580993,-16.99595889501861,-18.02097598523163,-19.13970933831476,-17.730763633508197,-16.136662910194925,-13.295807567285372,-13.484357457196685,-15.924474924604121,-16.113394482281123,-14.920559191083164,-15.590668974780092,-16.549694670036953,-15.88643818995909,-14.814510784656834,-14.400506850925742,-14.281651362562652,-16.921276544696216,-18.21663196136187,-19.256179051346173,-19.629077595290063,-20.214550618795936,-22.541010182415746,-22.14580595123139,-22.561294719594777,-21.99019548980777,-22.65769212117037,-24.610940120819084,-23.774526090215808,-22.530689258430662,-21.095765372265014,-20.91440715883161,-21.225253298759032,-23.631451769875603,-24.608181227486657,-22.457678007005406,-21.752752752385224,-23.0196746066591,-22.809415349804148,-22.564742035061315,-21.908283333519755,-21.812955671615164,-22.429148797837893,-22.918210949479636,-21.387679123455502,-21.265656749076136,-23.282900189255823,-24.550489472050252,-22.90343007712469,-21.98481987977192,-20.872636509919552,0.0,0.0,0.0,0.0,0.0,0.0,0.0,0.0,0.0,0.0,0.0,0.0,0.0,0.0,0.0,0.0,0.0,0.0,0.0,0.0,0.0,0.0,0.0,0.0,0.0,0.0,0.0,0.0,0.0,0.0,1001_IOM_NEU_XX.wav
22,-22.898730864632775,-22.948969728555483,-23.52633575042887,-22.658816053587397,-22.228476385963504,-21.809060339019748,-19.975227371545387,-21.133398693794348,-20.723825061590023,-20.722341098391603,-22.346897392511856,-24.42518553536398,-23.223200857398094,-23.184142363715996,-22.12930863404343,-19.230762863233668,-14.204345723854102,-11.927833682492084,-12.029211445342169,-12.804359574356607,-12.077328768899791,-12.13455097978989,-12.52145194772346,-11.459648956361072,-12.27547871088336,-13.86817227843983,-14.383009901265249,-13.533484801451975,-11.78922130118502,-11.064635630913129,-12.817611139445546,-15.137137689400426,-14.3424992333761,-11.225584069116197,-10.296045940948432,-12.255327615680653,-12.087699936511246,-12.294310245394628,-12.576028622058148,-13.485966625541813,-14.15974287122381,-14.553028781894593,-15.014770706930573,-14.94788050263646,-15.76805625650472,-17.93776316950206,-16.46616554518041,-12.516058047867988,-11.61155069964418,-12.025841160602637,-13.573494365767171,-11.824257336337297,-11.39842973158466,-15.661761219623227,-17.058366626977513,-18.220758435046438,-19.329186220870877,-20.078415481320047,-20.364761963421657,-22.44488564464488,-20.73010305815825,-20.995564961896346,-21.418681562922604,-21.664356413933533,-21.6367001456331,-22.703284946817657,-20.84984803648376,-19.764274915256486,-21.625883965835094,-21.82192545016577,-22.161551084520866,0.0,0.0,0.0,0.0,0.0,0.0,0.0,0.0,0.0,0.0,0.0,0.0,0.0,0.0,0.0,0.0,0.0,0.0,0.0,0.0,0.0,0.0,0.0,0.0,0.0,0.0,0.0,0.0,0.0,0.0,0.0,0.0,0.0,0.0,0.0,0.0,0.0,0.0,0.0,0.0,0.0,0.0,0.0,0.0,1001_IOM_ANG_XX.wav
12,-7.849753656390443,-10.849020563213296,-16.15761967485587,-16.160189127133926,-15.322013874889157,-14.97638952375263,-12.567300343731736,-11.837682465370838,-13.593306282439032,-11.618050031913814,-9.824484081591526,-9.749421600848244,-11.736716783955753,-13.300649119187419,-15.161269625980127,-17.50473796235929,-16.28800273632116,-15.078724437399618,-17.03158017924724,-18.04215912892605,-16.925390139739296,-17.69912866162888,-18.598422957554362,-19.290396749011656,-19.743508946481654,-20.58564812358086,-20.067168035330425,-22.00484634628515,-21.64890081987209,-20.271685097977073,-19.601516803079196,-20.868396049903804,-22.143986295821346,-21.535926697898653,-18.98187437254151,-18.30122612918258,-18.831692971922454,-19.175505680755574,-19.115752534740132,-20.407542519858573,-19.90241646747813,-21.115516620165433,-22.28011328262642,-21.049857017726524,-20.55522025154166,-22.665002866151784,-24.2439901285531,0.0,0.0,0.0,0.0,0.0,0.0,0.0,0.0,0.0,0.0,0.0,0.0,0.0,0.0,0.0,0.0,0.0,0.0,0.0,0.0,0.0,0.0,0.0,0.0,0.0,0.0,0.0,0.0,0.0,0.0,0.0,0.0,0.0,0.0,0.0,0.0,0.0,0.0,0.0,0.0,0.0,0.0,0.0,0.0,0.0,0.0,0.0,0.0,0.0,0.0,0.0,0.0,0.0,0.0,0.0,0.0,0.0,0.0,0.0,0.0,0.0,0.0,0.0,0.0,0.0,0.0,0.0,0.0,1001_IEO_FEA_HI.wav
40,-11.021142079649032,-13.755385470872827,-16.868909400963226,-12.442658269532618,-11.36958524119162,-13.218518447692816,-15.132214173946043,-14.452462399539623,-11.774354257961702,-11.364484422636254,-12.252624752899463,-12.120919953049784,-10.329679303437532,-9.119862308510774,-8.416599927787304,-10.06793050663637,-12.065256965484938,-11.69347542548309,-13.285982109298693,-14.361612001316523,-15.250275561093448,-16.384219858904753,-16.689734148563296,-16.803301068821114,-17.890690276464603,-17.372494291482035,-17.358860683472557,-16.013251252299913,-13.670921548816713,-11.535639507914395,-11.565924649364055,-11.9954153498762,-15.08988683047141,-17.128424334597103,-16.33822713137617,-12.478130382323114,-9.609294192636044,-11.781451029187707,-12.741943687575588,-14.303698966186305,-14.947063347723445,-13.612974800463142,-12.338887905188399,-11.370002593748763,-11.758628478825266,-14.1776482006258,-18.087856923146614,-20.970973403658586,-19.28531111221384,-14.847823940492223,-12.611839255607975,-12.946159443197745,-15.241089321273297,-16.69893030519742,-19.040041885904735,-16.377064669725264,-13.337710606159145,-13.02925205714841,-12.744724754242489,-12.677326421181057,-12.667364316632755,-13.431638734406052,-15.521255328742171,-15.33984324404115,-14.939862361255638,-15.170368636850325,-16.03522966923384,-16.794782920427437,-13.956828672967578,-13.137098531333576,-14.351137462291934,-17.44557477656739,-18.119952977285944,-16.52133501231189,-12.747109867766445,-9.553814697549008,-9.96184335863941,-11.797211349512828,-12.656170772623328,-11.375713524413193,-11.785444867193352,-14.588719764891891,-15.653240825328044,-16.942594569880406,-18.982353281631838,-19.59495856311705,-18.614109366120804,-19.478861461131643,-18.406214240353137,-19.73545339913055,-20.2837138238184,-20.161404120910706,-20.027709518106256,-20.58695733352153,-22.57569242667882,-23.35769755227686,-23.59327386619875,-23.33032961157368,-23.48799549148027,-23.288078555703382,-21.588553017586854,-21.845302711723544,-21.089667676191425,-21.68236486914604,-22.302414529901473,-24.13072784902798,-23.062270634128343,-21.633674086021617,-22.452414186037053,-22.16763666319683,-22.598580653818996,-22.962016331975345,-21.91890989575495,-23.429130983455796,-23.484237904485273,1001_IWL_ANG_XX.wav
11,-4.515104913395156,-7.009440180717553,-12.984106950347154,-15.491990660003646,-15.940592324810316,-16.412237265867248,-15.387203451514239,-14.841559434578492,-14.569829725734861,-15.869461082749341,-18.100648241560652,-18.236136315043304,-16.434098122947265,-18.2556186236175,-17.517245070849174,-17.55548790778833,-20.695134952289926,-20.920399040206785,-18.79923248173836,-18.047489406890243,-17.763243390738502,-17.826707899627692,-17.806661497554554,-17.038821499609956,-16.81017105521146,-17.784200292362218,-18.480493038394105,-18.6628418871338,-18.729029089910362,-19.337714343712694,-19.841396954413828,-21.908275637204405,-21.25650192432188,-21.93386973176192,-21.920299241808074,-22.49684472739976,-22.1995786476931,-22.1749812916452,-23.663376245478556,-22.88116196442786,-22.677463363878402,-22.819942431521664,-22.95139409533804,-24.04150929562726,-24.316800580399203,-21.38548373778484,-20.83076503400091,-22.494396346202954,-22.45071424048054,-21.51121649255139,-21.48226845644061,-22.341432291159585,-22.02067697016465,-20.55074707903608,-21.210001497384635,-21.643173781515614,-22.246798985345865,-23.429334113879424,-22.590190724405282,-19.970779853777838,-22.121064059919817,0.0,0.0,0.0,0.0,0.0,0.0,0.0,0.0,0.0,0.0,0.0,0.0,0.0,0.0,0.0,0.0,0.0,0.0,0.0,0.0,0.0,0.0,0.0,0.0,0.0,0.0,0.0,0.0,0.0,0.0,0.0,0.0,0.0,0.0,0.0,0.0,0.0,0.0,0.0,0.0,0.0,0.0,0.0,0.0,0.0,0.0,0.0,0.0,0.0,0.0,0.0,0.0,0.0,0.0,1001_IEO_DIS_MD.wav
0,-1.8862207874748878,-5.631465729897263,-15.456057453661158,-15.939348262616033,-16.188057768238323,-14.881297836238817,-14.690188655761652,-16.72360375248296,-17.46137317092855,-15.438827958305303,-15.27261696171546,-16.416957497065997,-14.89062167853486,-14.469374540368392,-13.006990828168343,-10.103061280359242,-8.9049631646123,-10.217541212845607,-11.255134733664907,-12.509560149928026,-10.927303882041075,-11.965067964918429,-15.645393246311876,-13.237305405765209,-12.813036769286391,-14.85750298199207,-15.387050676079097,-15.691629323302367,-14.604980010171651,-12.505778564741313,-10.719337315662132,-7.909848972445561,-8.643860704033749,-10.173557937268324,-10.864366638597385,-13.201059375921952,-13.276611141495065,-14.175836755978398,-15.30438429054661,-14.957347263799495,-13.717969994409925,-14.929411161858726,-16.77849223258139,-18.24050994275996,-18.803077087956634,-17.662565580000624,-17.715294883003242,-20.09134521054638,-21.44555509614796,-23.33687475919777,-23.62560135644751,-22.38607407373052,-22.169811429737358,-21.58168676436416,-21.53192228328527,-20.979019360587422,-22.42871081896796,-23.68926887360649,-22.518899694751624,-20.838993503207373,-21.254735999101065,-22.974561402264747,-23.46507481851048,-21.292712024481737,-20.577741942988585,-22.391540019936,-22.83864841710798,-21.43143656353903,-21.851139465195235,-22.91863218998197,-22.41513641089,-20.87539876639103,-19.952737891669397,-21.10526774086089,-22.915572216224238,-23.375854867735846,-23.308419025910048,0.0,0.0,0.0,0.0,0.0,0.0,0.0,0.0,0.0,0.0,0.0,0.0,0.0,0.0,0.0,0.0,0.0,0.0,0.0,0.0,0.0,0.0,0.0,0.0,0.0,0.0,0.0,0.0,0.0,0.0,0.0,0.0,0.0,0.0,0.0,0.0,0.0,0.0,1001_DFA_ANG_XX.wav
33,-15.072480052448869,-15.428521025283022,-15.962611902720068,-15.505138191239423,-14.535713300326247,-13.720125732221494,-13.573723783709957,-13.604419000983324,-10.935710125569024,-10.808880563106184,-12.470097643778569,-13.229522457249828,-13.566598842720392,-11.914215936104926,-9.85011450471049,-11.697347999109144,-15.410247304729625,-15.495197311327741,-16.47353707123099,-19.492214608775345,-20.130277649575564,-17.879954640543446,-14.263332571305238,-13.17759426451418,-16.02558827149367,-14.825988748413076,-15.158792669844688,-18.072720557602395,-18.519457012490317,-18.18962481067218,-19.956621109599585,-20.695596261382832,-22.781111631072235,-20.368154394341136,-17.45614231282432,-17.130427450937137,-18.6861149546685,-20.368701137503024,-21.589787201693273,-20.204709414723215,-18.275620100027524,-20.420888563157806,-21.14587646602319,-19.534665455280976,-17.098733038502846,-16.59631610386051,-18.484191194176045,-20.360569642530763,-23.57285580953731,-22.073993829915757,-19.9663790364611,-22.064312282705416,-23.920367062607504,-23.401429119266087,-23.12930185123449,-21.320304174036046,-20.490841805304303,-21.032777456081792,-21.604331387450614,-22.72495294926174,-22.982778985532885,-21.39488405220133,-21.663187795206117,-22.986318142562844,-23.18921296233092,-22.728451754109393,-21.538071695621536,-22.178879091127012,-23.41923915935906,-24.054846970431072,-26.157625048705352,-24.091718269392643,-22.70882792256614,-21.707654065951925,-22.6471794970167,-23.43684506963225,-23.153301628629492,-21.006512653603185,-20.757069754783103,-22.323938434635338,-26.114594359911322,0.0,0.0,0.0,0.0,0.0,0.0,0.0,0.0,0.0,0.0,0.0,0.0,0.0,0.0,0.0,0.0,0.0,0.0,0.0,0.0,0.0,0.0,0.0,0.0,0.0,0.0,0.0,0.0,0.0,0.0,0.0,0.0,0.0,0.0,1001_ITH_SAD_XX.wav
30,-4.882602670607742,-7.380727615083463,-11.39448517246458,-12.564422264179594,-12.313305493358607,-12.142928163787557,-9.544293078203593,-6.476791574670869,-8.731170543925174,-12.453749030555256,-12.45721139738494,-12.242256312188099,-12.520557429377847,-12.437718263832645,-11.479758693835995,-12.009403406700034,-12.707124820361416,-14.043249614470767,-12.77036843484363,-12.20983485899484,-12.672198418224784,-11.486687913136688,-10.039592961952788,-12.198892021522173,-12.667751130403968,-11.729997240184387,-13.7632641203269,-15.673883514249315,-15.549760462538785,-14.678030709086217,-17.006753057180003,-16.62903086571345,-13.612328034090474,-12.697154336844873,-12.7226120258669,-14.985267898023775,-16.457569470887652,-19.282475330606392,-20.854851340505657,-20.43917329003981,-20.88694277085934,-21.763147604978556,-20.823107534072584,-20.8429721098008,-20.787960413713055,-20.21060537979597,-20.865945444137555,-22.576611626958677,-23.109542324406757,-21.571475770307924,-21.37526511178999,-22.262953715554872,-24.69696910862013,-24.135617263984667,-23.89331335785822,-23.306874779102262,-22.223666382973835,-22.114389967300397,-20.66857365641241,-21.10564747643025,-21.39364657150401,-20.6924715880934,-20.582903118641255,-20.97394162446456,-19.429869700067414,-19.915009825215467,-21.84498991050467,-21.04987905118153,-21.789507577369992,0.0,0.0,0.0,0.0,0.0,0.0,0.0,0.0,0.0,0.0,0.0,0.0,0.0,0.0,0.0,0.0,0.0,0.0,0.0,0.0,0.0,0.0,0.0,0.0,0.0,0.0,0.0,0.0,0.0,0.0,0.0,0.0,0.0,0.0,0.0,0.0,0.0,0.0,0.0,0.0,0.0,0.0,0.0,0.0,0.0,0.0,1001_ITH_FEA_XX.wav
46,-24.35469884439032,-22.156354299457536,-21.43509093900567,-15.373607615026398,-10.378375756506786,-7.629172172618155,-9.582518793451525,-11.897035529006537,-12.072491264693044,-11.827389165257163,-9.74210304887046,-9.220445720862001,-10.153420206267992,-10.8362729544417,-12.066404270848865,-14.097410329756872,-15.293465939704776,-15.324415875096992,-14.948030114955268,-11.108636735742603,-10.64569024207987,-11.267876712691114,-13.256797586712592,-16.696826869320528,-17.273700129070775,-15.250148204144857,-13.050610532712769,-12.840416972804007,-13.256562607456829,-12.156945333182826,-12.030529265193547,-14.524857637549898,-13.85675921386441,-12.189020907482151,-13.151115289800616,-15.329213169478477,-17.062475829012826,-17.23476439857949,-17.388515713342017,-17.32978065619094,-17.17987546902771,-14.91360096750759,-11.872189093852189,-9.973878098741512,-11.215539430814355,-13.816118717480053,-13.740527389929618,-15.968764718318944,-17.333722557058387,-18.521520678249978,-17.89428868813276,-17.712642551975524,-19.882283884259376,-22.84555156315096,-22.76324363575188,-21.977943399291913,-22.06592876863052,-22.657587965424874,-23.138013524096813,-22.581548457440896,-21.243026030467163,-21.609444638578477,-22.532156362695687,-20.50939305720023,-20.84850491679466,-21.03620284453075,-21.357269338858032,-23.364469215039527,-23.01261549966197,-22.02335085595391,-21.26034063666786,-21.339416376297912,-22.639260859746067,-25.778323883040137,-23.98287204772225,-20.82846719301256,-20.38764719144136,0.0,0.0,0.0,0.0,0.0,0.0,0.0,0.0,0.0,0.0,0.0,0.0,0.0,0.0,0.0,0.0,0.0,0.0,0.0,0.0,0.0,0.0,0.0,0.0,0.0,0.0,0.0,0.0,0.0,0.0,0.0,0.0,0.0,0.0,0.0,0.0,0.0,0.0,1001_IWW_ANG_XX.wav
5,-12.525323095516578,-13.765328136168083,-17.82351079572409,-18.140387893405908,-19.056601209088313,-16.868208664700465,-13.692889624827215,-12.996066887793253,-15.043536138911414,-15.674484511910713,-11.978968432734217,-10.330157333983822,-12.096775363314281,-14.555063715374484,-15.486527986568463,-16.09559564958182,-18.04867401151615,-19.696840745236152,-15.841790423741969,-12.957601528186915,-14.42947887821761,-13.65704310145395,-8.995594820094162,-8.88978621967023,-11.707925998381311,-12.468912542081846,-14.49025222920378,-15.422870104363362,-16.216702767655303,-17.4854134095788,-18.848309216381644,-18.430720967984715,-18.0015796419764,-19.206614973276007,-19.098472302859843,-19.62144241373364,-21.406632800960605,-21.542961995659542,-22.836440455651157,-24.501745377506776,-23.907519269392992,-23.16656102031765,-20.730203153167984,-20.317437613247453,-21.673591434881114,-22.65064422025571,-22.40814339484088,-22.514418328826228,-24.152691809559318,-23.05954562640543,-22.951133121820483,-23.347517642566437,-22.299537740529765,-22.148606568431546,-23.424346152380465,-22.76700372747619,-21.861735652857135,-21.178913992017293,-20.31532983418238,-19.765120025437792,-20.76328102948576,-21.376822577166426,-22.557543809878407,-23.147677761824948,-24.471562942920368,0.0,0.0,0.0,0.0,0.0,0.0,0.0,0.0,0.0,0.0,0.0,0.0,0.0,0.0,0.0,0.0,0.0,0.0,0.0,0.0,0.0,0.0,0.0,0.0,0.0,0.0,0.0,0.0,0.0,0.0,0.0,0.0,0.0,0.0,0.0,0.0,0.0,0.0,0.0,0.0,0.0,0.0,0.0,0.0,0.0,0.0,0.0,0.0,0.0,0.0,1001_DFA_SAD_XX.wav
34,-12.148608771997406,-10.799034718856095,-8.983954849552266,-8.478841255701656,-8.473895594186455,-11.658019625285977,-11.078433065616547,-10.1145866449001,-10.28371237603824,-11.598955660745093,-13.673181376282141,-13.916132925644892,-15.026298446496092,-12.582861584837628,-11.394631879799627,-12.263067076348317,-14.55433229605437,-16.56612686976624,-17.96348862251497,-17.915197431816807,-17.449749684264212,-18.166353258628472,-16.604733162925182,-15.602416431486004,-14.219927469170573,-12.319543813633446,-12.591046168614007,-12.217339638146967,-14.013006529982599,-17.792726454958377,-19.48024797842157,-16.522753995034893,-15.613177418691883,-14.319983241128746,-12.719713302858484,-13.861695733267622,-15.512792169667257,-18.82193207058264,-19.666196685314723,-18.086916976139175,-15.817892235237853,-14.194026304952454,-12.994639275903578,-14.550007030025588,-17.04581510616861,-17.23126497361837,-14.806014340780344,-10.904944452700477,-10.81020609540247,-12.791760237482423,-15.956178849760658,-16.695344883665722,-14.990008149171246,-14.59078581109495,-16.921712969200367,-20.444276989156737,-20.83895821950244,-21.074254982080387,-22.361449604362942,-23.143569737731642,-21.956747341176765,-21.139509988177984,-21.486343148661074,-21.370578021631218,-19.13266372469405,-20.45092093634383,-22.804888856520236,-21.99426955038706,-22.689293411041106,-23.893641667082555,-21.67804417269065,-20.536037844044213,-19.554239461186615,-20.530345846379078,-21.04063511560912,-20.91972394829744,-20.399575184723442,-21.672864533020956,-21.34520657136847,-21.406256177053347,-20.798675185182557,-22.214194621943722,-20.771665358333596,-20.017480427560752,-20.124783037651596,-20.557505543456745,-22.26942338759818,-20.86682392350388,-21.000746285833284,-23.237656133901478,0.0,0.0,0.0,0.0,0.0,0.0,0.0,0.0,0.0,0.0,0.0,0.0,0.0,0.0,0.0,0.0,0.0,0.0,0.0,0.0,0.0,0.0,0.0,0.0,0.0,1001_ITS_ANG_XX.wav
19,-13.896426127673386,-15.20193203345143,-17.14491484745718,-16.89639169263155,-15.653453337213147,-15.462767017204605,-16.93238324359314,-16.613818141915285,-14.126079306049608,-11.79582170909882,-11.649093614232099,-13.505861912448884,-12.656919347030236,-12.672946361895608,-14.679945597202705,-15.86340891833752,-17.011233616594467,-17.998578828969453,-17.38974272357564,-16.157701916685628,-18.491081294358494,-19.533068722829125,-19.239558002925257,-15.714819731109616,-14.594014824123844,-14.285156409882488,-14.469586535391395,-16.594856878538593,-16.969243894425354,-17.923191367942973,-17.91344365502615,-17.159957556999277,-16.29181460387063,-18.009192157167988,-21.12523769802568,-20.644293295001376,-21.445378000178195,-23.46190809823654,-20.51766532669487,-19.905817653226173,-20.090819954726044,-21.136664029229586,-21.764916331687974,-21.049463684645918,-22.681876175231732,-23.750940238497417,-23.922169451722173,-21.811427178428634,-21.610833044142574,-23.113687811568674,-22.46776296000762,-21.831097164991675,-22.92450673273212,-22.130700888749825,-20.284104438291994,-20.6123810226158,-22.14826927173495,-22.971863811818373,-22.462140132849797,-22.616810465560647,-22.61922493074115,-21.382982473545276,-20.585165209903273,-22.67954460649942,-24.816045752952757,0.0,0.0,0.0,0.0,0.0,0.0,0.0,0.0,0.0,0.0,0.0,0.0,0.0,0.0,0.0,0.0,0.0,0.0,0.0,0.0,0.0,0.0,0.0,0.0,0.0,0.0,0.0,0.0,0.0,0.0,0.0,0.0,0.0,0.0,0.0,0.0,0.0,0.0,0.0,0.0,0.0,0.0,0.0,0.0,0.0,0.0,0.0,0.0,0.0,0.0,1001_IEO_SAD_HI.wav
44,-23.484748526116896,-24.336076639028708,-23.52522208310303,-22.63928084550337,-23.182846423260283,-22.779963359796042,-21.492976662532428,-21.714402593990926,-19.842813373835856,-17.003740525598655,-10.181044066850149,-8.656312688889853,-8.924243222972803,-10.950192844862881,-14.093416752859973,-15.090267736097445,-11.40496441204396,-11.197539545990278,-11.841663722046793,-11.857924512364985,-14.207182544060961,-14.478440185017899,-13.500370982926093,-10.75409136326659,-10.02523474328049,-10.180940262040757,-11.666137396256316,-11.63119698277353,-12.688280118974188,-15.678701191202187,-18.31742674365072,-16.90096572558535,-15.16160732037123,-17.35021695582179,-19.323475310530025,-15.639418269376737,-15.494859827506131,-15.289659541451057,-13.675847984715348,-12.95031862627001,-14.344084025941147,-17.247245883658465,-17.861877254775262,-18.496042425086525,-16.904691556511427,-16.48554085012163,-14.912865898048551,-13.291661789076075,-14.913642452927434,-15.808775695812724,-15.004713941310948,-12.892299052247512,-12.646757088883373,-12.953805244407587,-12.724419173496475,-11.214268585235258,-12.463337527051504,-14.603788545394128,-18.496524331807912,-19.433984896801636,-20.282664742517415,-19.516351205876045,-18.950163218403368,-20.015976763700223,-20.159728908390125,-16.285548366583626,-14.470493369072612,-13.655849541653417,-13.300152506944727,-15.663549664835113,-16.65912727705576,-17.248359618931342,-18.575414072672064,-19.506970721308896,-21.247631766242822,-21.526710630308358,-22.581251771269233,-21.59969007617927,-21.72015573957339,-20.13979580779023,-20.610257731357137,-21.173459169954096,-21.506303618081354,-21.47550975210816,-20.83932597740321,-20.260285262297007,-20.00556571915901,-21.013448201816168,-21.01183960921867,-19.478572925757394,-20.55426036917907,-20.77678232043294,-20.92659092500893,-22.84670395953892,-21.178861721475105,-19.77452240745596,-17.62236404347552,-18.933771960212813,-20.764383718137328,-22.774397377635825,-27.448010680599275,0.0,0.0,0.0,0.0,0.0,0.0,0.0,0.0,0.0,0.0,0.0,0.0,0.0,0.0,1001_IWL_NEU_XX.wav
35,-5.803470174569117,-8.251778721079015,-16.35789343759424,-16.957984592424364,-14.928028324027322,-10.356660259419609,-7.11694679579676,-7.323887098409058,-11.320563894290972,-13.073483215472693,-12.071678393641111,-12.373159609389567,-13.82109215319802,-13.754565714546093,-12.944021678027873,-14.782725518566439,-14.588024874818514,-13.231939277337961,-15.0050681315771,-19.33488840531107,-19.541721815169204,-17.785576970752203,-15.732073030451378,-14.696633941849429,-13.915858181787225,-14.448088664981784,-14.423094948215468,-14.380996900327684,-15.496890317586933,-18.34720917647343,-16.563130946196676,-14.94398059137914,-16.315105951414992,-18.23069408073372,-17.639527663296185,-16.811078387703454,-17.322588088421778,-18.159245900735282,-17.700413435317817,-15.037147624521676,-15.504357783450454,-18.03891558522396,-16.742930228641,-14.964064688337912,-16.19712529890919,-17.563438925452722,-16.45588683445901,-16.62510181288136,-19.010640537303384,-20.687614805744,-21.464127081939687,-21.49817783309565,-21.64111448020924,-21.18981100893289,-22.158117128335824,-21.61003278139122,-21.29581166858573,-22.072871261409155,-21.727987779324966,-21.28995054506981,-22.142611127220007,-23.2202008432798,-24.273662400224868,-22.235983414046498,-21.42597922132486,-20.60550106408257,-20.927791169679022,-22.70680192943035,-23.971180119506748,-22.203517479263944,-22.882265004399805,-24.131806955402798,-24.65439609497535,-27.384995976693496,0.0,0.0,0.0,0.0,0.0,0.0,0.0,0.0,0.0,0.0,0.0,0.0,0.0,0.0,0.0,0.0,0.0,0.0,0.0,0.0,0.0,0.0,0.0,0.0,0.0,0.0,0.0,0.0,0.0,0.0,0.0,0.0,0.0,0.0,0.0,0.0,0.0,0.0,0.0,0.0,0.0,1001_ITS_DIS_XX.wav
2,-21.853440363941466,-21.373602409398302,-22.58407666318957,-14.88557984631868,-7.485475850488427,-7.116404308151444,-10.663208012270985,-12.609147578159066,-12.670023024982099,-12.952430715715066,-11.961163683280388,-11.065454864910546,-13.236626593291742,-15.86369773194436,-13.314647000561665,-9.753521755473498,-10.1467652960017,-14.330669365643306,-16.516597993240833,-16.634303378739254,-16.09415503134037,-12.055555810040914,-10.305960558809867,-10.073126797371582,-10.121369265859512,-9.958242190650454,-10.447254136183325,-12.313068295024427,-12.986301741200416,-11.44212988461542,-11.097796245631088,-12.298761129640365,-15.317178779880123,-18.434488522389717,-15.617133484700126,-14.951434204911596,-17.168339898612217,-20.680737587122813,-22.27398550491156,-22.084605238218902,-21.1765331182111,-21.451278894404087,-21.334812702656567,-19.518348130089283,-21.21177207639319,-22.780204482987752,-21.332781938516153,-19.73777005021727,-18.237033760198923,-20.629702831202675,-22.29881481287115,-21.00553582122074,-20.036058844466773,-20.604178820008283,-20.392936781565403,-21.479949814151517,-20.929992281274473,-21.145511576204264,-20.056351455237355,-20.263878120331967,-19.563583952101933,-18.989160303579958,-19.695796267200496,-21.892571220408847,-22.621341722508014,-20.329348189639305,-21.36182984949122,-21.693729404175322,-22.307212484233332,-23.40156736104634,-22.465061439555924,-22.85730903386382,0.0,0.0,0.0,0.0,0.0,0.0,0.0,0.0,0.0,0.0,0.0,0.0,0.0,0.0,0.0,0.0,0.0,0.0,0.0,0.0,0.0,0.0,0.0,0.0,0.0,0.0,0.0,0.0,0.0,0.0,0.0,0.0,0.0,0.0,0.0,0.0,0.0,0.0,0.0,0.0,0.0,0.0,0.0,1001_DFA_FEA_XX.wav
47,-17.881613812495086,-15.27252390841542,-13.995554877138533,-15.171648647925652,-18.270203091056217,-20.009751491655393,-19.61687256945586,-17.450547595458367,-17.76103361687923,-17.832955494041006,-16.556040723659322,-15.731275111108195,-16.590412000337444,-18.688078128949538,-16.089036446425432,-13.327997568663902,-13.084904479046283,-14.308782496899177,-14.530747415130683,-16.151536445194633,-18.686423810360534,-17.458527424661042,-15.667033649815645,-17.324637711558942,-16.224293895799647,-13.544810708802371,-13.138275874016824,-13.464491538626183,-15.779080040542555,-17.35350779111119,-16.29795409211256,-16.875695522373267,-16.67773168320263,-15.470945969789595,-17.171290535547996,-19.16947438379091,-20.550439903624515,-19.225920509331996,-15.71662349167865,-14.407451724855964,-13.727046955792433,-13.34190275536008,-14.807637000400673,-17.01589639746307,-17.655725671085765,-18.159973405760272,-17.711909468565718,-18.800257166268423,-19.801070174536797,-20.862227892929578,-20.569008780749407,-23.14178315416499,-21.810961988918073,-21.04306018820089,-21.673146167357213,-22.269065907146633,-23.162706236402286,-22.288166295815852,-21.236923814650172,-21.679341200909484,-22.314833113865625,-21.83427804997103,-21.040603054824246,-22.628757342255742,-21.64908441484153,-21.324116852324547,-23.80313083336819,-25.454484921434055,0.0,0.0,0.0,0.0,0.0,0.0,0.0,0.0,0.0,0.0,0.0,0.0,0.0,0.0,0.0,0.0,0.0,0.0,0.0,0.0,0.0,0.0,0.0,0.0,0.0,0.0,0.0,0.0,0.0,0.0,0.0,0.0,0.0,0.0,0.0,0.0,0.0,0.0,0.0,0.0,0.0,0.0,0.0,0.0,0.0,0.0,0.0,1001_IWW_DIS_XX.wav
43,-9.779262241293734,-8.155709750008965,-8.758680549010954,-10.673411798717204,-11.695488216387897,-14.684936009520378,-15.65001097793938,-13.736706956982529,-14.124556885794062,-15.865129987663547,-13.51461723182722,-12.340275139144687,-14.211596253541527,-15.430348898492367,-15.525093370251067,-14.46694778410968,-15.202456636409389,-18.00317050436969,-16.45617689463646,-16.412939020678575,-15.370004151486228,-14.50223903042628,-13.890383672756515,-15.193778668069246,-15.386364040762079,-14.997240972426134,-16.027511164843972,-16.710319798511613,-16.08409762562171,-14.788139916803564,-16.68163292936684,-17.889804102111775,-17.122659157647,-16.931623342465457,-13.682164320623658,-12.322281759493467,-13.453733800232076,-14.926748653461827,-18.58226649876847,-19.477232443592012,-18.784104582028263,-19.01251668288606,-17.58365912750419,-19.498747740715398,-22.366914358420733,-20.869907064557182,-19.794502308897886,-19.348648633803055,-19.603663509150014,-20.48868435741119,-21.318614102711347,-20.937613214260637,-22.24332265220073,-22.581905593216753,-22.65656223177016,-21.39134997134622,-20.759469619214492,-20.939257769733754,-22.163302284277634,-23.762448657230816,-22.475755433462556,-21.493127203643503,-22.78299565740226,-24.342892742104254,-22.104628443409922,-22.775861952151352,-21.999655448499563,-20.677946120491846,-20.37810691505048,0.0,0.0,0.0,0.0,0.0,0.0,0.0,0.0,0.0,0.0,0.0,0.0,0.0,0.0,0.0,0.0,0.0,0.0,0.0,0.0,0.0,0.0,0.0,0.0,0.0,0.0,0.0,0.0,0.0,0.0,0.0,0.0,0.0,0.0,0.0,0.0,0.0,0.0,0.0,0.0,0.0,0.0,0.0,0.0,0.0,0.0,1001_IWL_HAP_XX.wav
45,-17.077754327300156,-19.0727183875855,-22.33678932107514,-22.447742185230695,-21.52082911464498,-21.94252631805852,-22.715537609190434,-22.392871638844365,-22.53739143657372,-21.81382494575187,-18.946533778783888,-15.924802269305108,-13.98159642907788,-12.629713395907917,-14.380772074221825,-16.508945664841292,-17.40906805398755,-16.416392190734843,-15.33865741074097,-14.948107922275398,-14.996736973591867,-14.339882735222396,-10.660576756339236,-8.139873998203848,-9.192339469902656,-10.48580646793208,-11.605147556736629,-11.890582449602126,-12.175774727212971,-15.055969373632054,-14.567193735541696,-15.879674468617164,-20.38790895494305,-19.03292692968017,-16.502924316189862,-14.751522549286172,-13.597501244914078,-13.897643900825887,-15.289115362985253,-16.70565879144953,-18.37870903821317,-18.905341231386814,-17.999784472452152,-16.771593079647364,-17.027228006875212,-18.951740284164796,-19.804135471206394,-21.8678969324488,-22.861951609790506,-19.834772233932387,-18.10075694075455,-19.60890788451384,-18.089426725257713,-16.670014426851704,-18.02200213323009,-19.373167847485742,-16.699284273406672,-17.601161165451842,-19.756180188138973,-20.21373316455922,-18.917614204051105,-18.084615416013204,-18.25313966161487,-17.335046144690875,-16.351982075171303,-17.17839325567923,-20.790290157899133,-19.85230228915441,-19.02965714013175,-18.962183751485703,-21.37631160518591,-21.663023365306955,-23.110913264445248,-23.92465266044329,-21.831147060601232,-22.7523025466811,-22.7730322370052,-23.837652545463868,-22.622859022560224,-23.186860145454112,-23.318003231380438,-22.282873645307067,-22.16072499463616,-23.522326653257572,-23.09637750906197,-22.042556938260738,-21.33426484165903,-22.211894847414296,-23.217959307296113,-22.028773260380135,-20.117005742689425,-22.04636249578477,-23.730515246175084,-21.769554274399702,-21.392160126833875,-20.849577634652505,-20.77685448206239,-21.457559436599922,-24.03140639605222,-23.072989990186652,-24.04885343040399,0.0,0.0,0.0,0.0,0.0,0.0,0.0,0.0,0.0,0.0,0.0,0.0,0.0,0.0,1001_IWL_SAD_XX.wav
24,-9.8492486847352,-9.191370267491667,-8.259444449009129,-9.640095822754214,-10.939000449590939,-10.073953712796659,-9.695372278529707,-10.251817169731462,-11.356997140258976,-13.018463233024933,-13.446285067735264,-13.388569875383578,-12.005209224560874,-12.033782106942457,-12.806277694554389,-13.046519062341229,-14.957779702556026,-17.789347488827122,-15.169859632129661,-9.369107852129206,-7.8419771847461845,-11.033848993974571,-11.834014310188136,-12.0655578324919,-12.353254669967443,-13.014364564856235,-11.03268778820261,-11.352617083639853,-12.846652287175656,-14.340865847731594,-15.752193573439675,-15.214123510019839,-10.963780987204707,-8.16533744208197,-8.56632516951607,-7.924362634559098,-8.023517976616935,-7.726175415492291,-6.296941661527027,-8.266497844044084,-9.021275368314432,-9.12140230578537,-10.86108319106814,-12.83417532989108,-13.218203995039842,-12.765242437934301,-13.945733270939716,-17.401616093005615,-19.4235350255279,-14.17648260106399,-13.228411487654098,-14.979367213927576,-15.806097013717379,-15.274957739004869,-15.902239805718692,-15.114009155760439,-13.896670701952896,-14.598668534246789,-14.69803426027743,-16.65771681682472,-19.822478697017605,-21.6693475928448,-19.129733256740455,-13.6424695113205,-10.393477545650676,-9.590699511247719,-12.571892947830532,-12.820476769382735,-11.350439297599355,-9.283598114766997,-11.029652233096368,-13.671107234962019,-12.732058573249269,-13.340321149461072,-14.10929103380865,-14.506478194405892,-16.312947982546856,-17.804710201756983,-18.770430171171927,-20.728222365124616,-20.337845263351767,-21.313432458091523,-19.950483686016437,-17.78562309064988,-18.63649911973532,-20.122088056502996,-20.705031709555875,-21.893236738509533,-22.811489010685825,-22.082454715129018,-20.971547801578783,-21.367812530556535,-20.880389144261397,-20.889475170586724,-21.113979914242023,-21.689609541515992,-20.61809378546173,-21.010692215119523,-22.103485522119623,-20.81922049089278,-21.567594082594116,0.0,0.0,0.0,0.0,0.0,0.0,0.0,0.0,0.0,0.0,0.0,0.0,0.0,0.0,1001_IOM_FEA_XX.wav
17,-12.142023326155105,-13.495089458670167,-15.07142005033253,-14.082823727712983,-13.964061091966824,-13.92118034272898,-13.119321880906211,-12.893367350002357,-13.667994948669225,-14.66678493982049,-13.549766333021962,-14.121794782943262,-15.951154816798702,-15.09734265206278,-15.085937248855997,-16.541013933644663,-18.48213033468308,-19.741813963065393,-19.567932788929497,-20.216045628872784,-21.14195660578387,-21.825131587826437,-22.795423541761185,-22.78382841612874,-22.843183741488232,-22.854075645390463,-22.4181814680031,-23.39586875578073,-24.188144251342333,-23.40881023647076,-21.99948876023961,-21.67853503883128,-23.14552013317003,-21.03425302380867,-21.25125910439028,-22.89660014373186,-20.970929741685115,-21.1852852853368,-21.868526442934556,-20.287978102264272,-18.56959451962055,-19.947179709896957,-20.945167680743566,-22.144636510702014,-22.449919301571533,-23.428407127146723,-24.44558480002803,-21.8746663709723,-23.204332276616487,-23.95565019762853,-25.249442345690472,0.0,0.0,0.0,0.0,0.0,0.0,0.0,0.0,0.0,0.0,0.0,0.0,0.0,0.0,0.0,0.0,0.0,0.0,0.0,0.0,0.0,0.0,0.0,0.0,0.0,0.0,0.0,0.0,0.0,0.0,0.0,0.0,0.0,0.0,0.0,0.0,0.0,0.0,0.0,0.0,0.0,0.0,0.0,0.0,0.0,0.0,0.0,0.0,0.0,0.0,0.0,0.0,0.0,0.0,0.0,0.0,0.0,0.0,0.0,0.0,0.0,0.0,0.0,0.0,1001_IEO_HAP_MD.wav
37,-4.45871815497132,-7.502633110387833,-13.067221524940779,-13.14493447170302,-9.76876752875437,-10.69756864500545,-11.812808437087227,-11.113351507032094,-7.702401833575413,-6.998137342993629,-7.654875516375871,-8.996516702297939,-9.939413455574181,-10.968647267397749,-12.580749067935242,-14.339478159424264,-16.3463278901431,-17.355112048685616,-15.045947469540819,-12.578125233414072,-11.752280187021523,-9.74442570235016,-10.150479371256182,-13.67293610158879,-16.312514396550814,-12.076876777853439,-10.629977260914533,-11.163393652435415,-10.49070315784778,-11.420597354491461,-12.623931102719041,-11.82891867682328,-13.353986219681172,-15.287926376470477,-15.856590763796037,-16.37374034751575,-15.790407558123938,-14.720778367902616,-12.9357869676933,-10.362850561077023,-11.106705760448417,-13.113972094602653,-13.719401159677524,-16.21679733076341,-19.507172935660975,-18.971495941471353,-19.04052493973454,-22.138144955883224,-22.605468243754665,-21.41575274524475,-22.059583730046352,-21.1930719610258,-21.54502440462323,-22.686693553862767,-21.15741797920779,-20.06748049471256,-21.27552900698482,-21.474554851718224,-20.99241153659128,-21.87080432847133,-21.395083161895613,-20.07489591310677,-20.996086175013993,-21.206256510019816,-21.219541234595468,-22.315116166610157,-21.08243852927637,-19.81026875038916,-19.794354347167868,-20.475485145189296,-20.837467432612303,-20.66816076776955,-21.424167204285915,-20.515174977976788,0.0,0.0,0.0,0.0,0.0,0.0,0.0,0.0,0.0,0.0,0.0,0.0,0.0,0.0,0.0,0.0,0.0,0.0,0.0,0.0,0.0,0.0,0.0,0.0,0.0,0.0,0.0,0.0,0.0,0.0,0.0,0.0,0.0,0.0,0.0,0.0,0.0,0.0,0.0,0.0,0.0,1001_ITS_HAP_XX.wav
27,-11.76677208966473,-13.608338484151165,-14.097300824904604,-11.225738210977196,-10.024265991464521,-10.767675379287896,-11.916979435248047,-13.295919376802997,-14.894500557641958,-16.356761674605504,-15.04833391195348,-14.395993837974427,-12.943885797443894,-12.323153091651228,-12.839346622508357,-15.276115506677014,-15.895729130142911,-16.717652358944555,-19.261842324311708,-20.12156215647404,-19.599222723748774,-18.235388570129007,-17.390279027454476,-19.349484952642076,-18.657438775836674,-16.236182392830678,-15.129657619636362,-14.68211761683023,-15.714483674122228,-15.644855647616005,-17.08155087718708,-17.76362946835672,-16.942919556792205,-17.69120926306672,-18.539052485929552,-19.147158142161764,-19.54431892173245,-20.650831690903228,-21.018695845391832,-22.992012089859347,-21.584993199480742,-20.524979196930754,-21.24539157831098,-22.550219171510385,-21.75541574079928,-22.592601256775932,-23.347605881736683,-22.79423175489597,-21.5433918629505,-21.855838503033098,-24.35243287686385,-24.61010710939288,-22.307903288565164,-23.113928993110616,-22.67810753135636,-21.72152136830128,-21.682720953769287,-21.620053672040783,-21.782057452539156,-21.30166433788694,-21.720197349025913,-24.9345215671832,0.0,0.0,0.0,0.0,0.0,0.0,0.0,0.0,0.0,0.0,0.0,0.0,0.0,0.0,0.0,0.0,0.0,0.0,0.0,0.0,0.0,0.0,0.0,0.0,0.0,0.0,0.0,0.0,0.0,0.0,0.0,0.0,0.0,0.0,0.0,0.0,0.0,0.0,0.0,0.0,0.0,0.0,0.0,0.0,0.0,0.0,0.0,0.0,0.0,0.0,0.0,0.0,0.0,1001_IOM_SAD_XX.wav
21,-13.299956643718462,-13.058040551925256,-13.750026561530714,-14.848781568307029,-14.929080583668975,-14.986240978229377,-13.517878820241854,-14.208649523548152,-13.576417343953779,-15.931946704082119,-15.686262835869456,-15.337656293540304,-16.202561658896293,-17.94210485860025,-15.628290871855235,-14.675975713594465,-15.876959121148179,-15.87197865262712,-14.796394737624732,-15.352403984014739,-16.592551598408342,-18.648266026763366,-19.521842668902966,-19.81160816158518,-20.912861359207742,-19.849844368403474,-19.29101694008659,-22.208441363985767,-22.487481372346775,-21.237652480130915,-21.127144057676713,-21.04923991893768,-21.897309804054544,-21.30984171269762,-21.8654955079016,-22.15353720163946,-22.00102884142215,-21.203665330556,-21.573970010760238,-22.085297871414408,-22.091298466158676,-22.49774797960978,-23.278412092089386,-23.003795734282644,-21.57530071171688,-19.981494169942007,-20.252950754884903,-21.511944489808176,-21.96222451886123,-23.496002080246477,-21.33318551837845,-19.805392231580615,-21.19221100757435,-24.91858180110591,0.0,0.0,0.0,0.0,0.0,0.0,0.0,0.0,0.0,0.0,0.0,0.0,0.0,0.0,0.0,0.0,0.0,0.0,0.0,0.0,0.0,0.0,0.0,0.0,0.0,0.0,0.0,0.0,0.0,0.0,0.0,0.0,0.0,0.0,0.0,0.0,0.0,0.0,0.0,0.0,0.0,0.0,0.0,0.0,0.0,0.0,0.0,0.0,0.0,0.0,0.0,0.0,0.0,0.0,0.0,0.0,0.0,0.0,0.0,0.0,0.0,1001_IEO_SAD_MD.wav
32,-20.191909021139683,-19.1130812370734,-17.147843726229034,-13.106859959079825,-11.539305467031815,-13.005937898514329,-14.98047439821843,-16.759659716985514,-16.75313074143541,-16.53406190963771,-14.882162381836695,-14.624467164343072,-14.997013845938216,-17.491219631451525,-16.868194477047165,-15.638100435733971,-15.624669963478047,-13.861279909701043,-13.441161946365487,-14.78351461223538,-12.520600069286628,-11.960268378241302,-11.769443496651895,-8.932623296705833,-8.663416561354627,-11.987757775659409,-11.905505097111702,-10.797815490939456,-11.060280099033976,-12.92698993027595,-17.55602286306553,-17.146713395031266,-11.678250020393147,-7.896085207697642,-7.7562210801892615,-8.483883767937932,-9.533221442808317,-10.404641779360599,-12.838963926565413,-15.701567474730181,-15.965422711595677,-17.825176571095156,-17.469372431423633,-17.077944953527968,-17.417570911930177,-17.75893846771139,-17.712441244684648,-17.348749333219192,-16.440299003781153,-15.92116530849302,-18.479343423028986,-19.05453375439704,-19.29109676709027,-17.93994427449435,-18.73401596686854,-17.48216480232984,-16.782797279353467,-18.70245120844268,-18.28448558906552,-18.270728535395218,-23.030534456038666,-24.078978446079365,-20.964122727940865,-18.24916877539868,-17.933247987253218,-18.292515444816924,-19.758422399004246,-20.327117828231113,-17.87547101574428,-19.314086532075574,-20.805082383065397,-23.7106529179372,-22.349598463421255,-20.110914512299725,-20.495341661428434,-21.210161837753926,-21.521221460622282,-21.788984350542446,-22.192445671693932,-21.915307018972427,-18.996244896388855,-18.89010068727003,-21.849860150984647,-24.474283923806315,-23.138235510165103,-22.15349357181266,-22.39073542695872,-23.138711821705854,-23.72522042250381,-24.414024288249166,-23.5219583428836,0.0,0.0,0.0,0.0,0.0,0.0,0.0,0.0,0.0,0.0,0.0,0.0,0.0,0.0,0.0,0.0,0.0,0.0,0.0,0.0,0.0,0.0,0.0,0.0,1001_ITH_NEU_XX.wav
41,-10.847158706052994,-9.791688591167638,-10.350852502623372,-13.0349614790275,-13.330043880580511,-12.510744847914228,-13.949035509426883,-14.03523202456219,-10.540220142380226,-8.534095755996768,-8.027250849109679,-8.180041191499914,-9.699569635340469,-12.917952039611354,-15.10196681644144,-13.91826090021908,-12.948364311637492,-14.927223641325195,-15.853540363137864,-14.545076379233999,-13.611737249375674,-13.198429487095211,-13.972396942297319,-16.862058858064277,-16.653133525308164,-16.30390035492426,-17.565800527690882,-17.80068862967067,-17.10496707843891,-15.757759030089902,-14.965074906551033,-15.514153524553214,-14.321210520236631,-13.710527988134722,-14.356139748101405,-13.926342858796737,-16.24759850036364,-16.52984611688137,-16.995280869987734,-17.5858277168089,-17.34470841518012,-17.65084164756772,-18.3188016813618,-18.778415324292734,-17.857578696978834,-14.531034119319326,-12.364027307950725,-12.55717875148499,-12.373184387456517,-13.411862897648772,-14.548813947638411,-16.903946448285158,-17.885311756815007,-20.43474270704773,-19.55599185115293,-18.292689319601585,-19.411502009648572,-21.454761972725404,-21.117394078704276,-21.242604277794094,-21.550870461723914,-21.509110956532336,-20.86277135897092,-21.384817866677544,-21.942292509658483,-20.55936242459615,-21.920325648785834,-23.90583179461183,-23.4101366349593,-21.104451450513196,-20.65384728134641,-20.602382663767248,-19.869837571511223,-21.49140460544072,-22.37106390421195,-22.59723350458332,-22.402648149448986,-23.468724189580936,-24.001462250332516,-22.5707382819009,-21.795573616956958,-21.02433160657371,-22.573539486658014,-20.893963921665407,-19.923138071960242,-19.57345558769948,-20.23188294955584,-21.761905268753317,-22.060117074564808,-23.829191268601583,0.0,0.0,0.0,0.0,0.0,0.0,0.0,0.0,0.0,0.0,0.0,0.0,0.0,0.0,0.0,0.0,0.0,0.0,0.0,0.0,0.0,0.0,0.0,0.0,0.0,1001_IWL_DIS_XX.wav
50,-23.419096501957394,-22.66932639036865,-22.396913647151223,-22.978678098101053,-20.61033662944771,-16.866278682233077,-13.631465339150335,-11.101035491940591,-12.201297655198875,-13.763187907110845,-14.844976933940556,-16.65114482815319,-14.856312380153948,-12.531664407847934,-13.529883141873073,-13.535286049281773,-15.816761108673697,-19.694982029508587,-18.49130190339111,-15.243326380126328,-14.67184781532429,-16.986870288436975,-18.61618207217382,-19.957820530626254,-18.463363726395528,-17.372057692029763,-16.580982680283004,-19.145707298359984,-20.428618101688173,-20.317818213019784,-20.031546912860748,-19.37167302564238,-16.52075882622601,-15.782768283541428,-15.481001216508869,-14.084309284136477,-16.262220187925145,-18.48118475182882,-18.081675834024978,-17.605472649324323,-15.598099236871388,-17.682092347630515,-18.389195182883125,-16.19195459961799,-17.33084715041675,-18.75208536892831,-18.619889797958113,-17.835713515511863,-13.864079248775207,-11.84683583880111,-11.634278194451488,-12.408928344947746,-12.897154169270689,-15.274869104312135,-17.024152359483477,-17.388788046745482,-18.584684763998215,-17.799262512151415,-19.598012690186238,-20.697070439787232,-22.03635016135498,-21.906379003376113,-22.28068484719139,-24.33049151006788,-23.500331958562263,-22.76467579135156,-23.73577133012759,-23.49544334925292,-23.061051451451192,-23.076097482098497,-22.696595898998403,-22.614685389499147,-22.229474958832654,-21.730633665600653,-21.629977044016453,-21.221949905458953,-21.25436739852143,0.0,0.0,0.0,0.0,0.0,0.0,0.0,0.0,0.0,0.0,0.0,0.0,0.0,0.0,0.0,0.0,0.0,0.0,0.0,0.0,0.0,0.0,0.0,0.0,0.0,0.0,0.0,0.0,0.0,0.0,0.0,0.0,0.0,0.0,0.0,0.0,0.0,0.0,1001_IWW_NEU_XX.wav
39,-18.594636699913107,-20.182010608786598,-22.113719729785664,-22.353240636292167,-21.586834106894393,-23.878853729072546,-23.75256901078461,-21.568860842241335,-20.32826264174355,-20.479857631655218,-22.013804624864154,-22.15675262075435,-20.94205460847367,-21.145950798699953,-20.046712345247656,-18.554563182784587,-15.5686492667854,-14.397105418079777,-14.59351125438116,-16.69397281334921,-19.316832998870517,-17.831188790157093,-13.18195741853602,-12.137238547536205,-13.760657793859888,-15.465034485769136,-18.142754909211586,-16.947729610911868,-16.503423305915973,-16.28250341290334,-16.56526816745066,-14.398501211594809,-15.345908491269613,-17.166418692503377,-17.06778203062718,-15.957243301536492,-14.637567493947746,-14.082988347790254,-13.919744105518454,-15.015320997948425,-14.755989440357125,-16.40591324516726,-16.97249250368725,-17.669919637638333,-20.240545415918778,-19.05996389930794,-17.307760005386477,-16.78780855321978,-17.262928641811044,-19.15496462624498,-18.774650123309122,-17.492038604388423,-18.696431444237064,-18.98867479154042,-18.294541074157667,-17.90045286879801,-19.29091114078776,-19.809805462973188,-19.04558356545332,-18.34655558046676,-18.274145192175755,-17.868164956773448,-18.522160416393564,-20.496227216444076,-19.986723314130796,-19.083562758849112,-20.741007646799144,-21.196931315825278,-21.35894040720796,-22.552516310477948,-20.14082470403296,-19.483372482670873,-19.856762009284072,-19.61287403451845,-21.479423759744165,-20.248496621439227,-21.07230708878522,-22.079613869990396,-21.936119245789506,-22.607650945251404,-23.570012316981362,-21.42502650091545,-21.299440444867823,-20.705938420592194,-20.7116762607029,-21.32035629087187,-21.895887744776772,-20.497833462063628,-20.22865316993413,-20.921351801905093,-20.846826335251635,-19.748751298870538,-20.91792730877714,-23.667020427910458,0.0,0.0,0.0,0.0,0.0,0.0,0.0,0.0,0.0,0.0,0.0,0.0,0.0,0.0,0.0,0.0,0.0,0.0,0.0,0.0,0.0,1001_ITS_SAD_XX.wav
16,-10.069975867151317,-11.844467292748147,-13.556619090890837,-14.876408360603504,-16.891928631142765,-16.389295412657415,-16.68167901556632,-16.979822837409053,-16.50473348843967,-16.027193026152663,-14.924321437550844,-15.207486308660512,-14.907015851493592,-14.599733666835942,-13.429675361029354,-13.655854784846959,-14.353000520807187,-17.23638422211364,-18.4973391722499,-19.016958933292084,-20.438496110218196,-21.22242629577998,-21.897458121434262,-21.80972637265823,-22.13583561831651,-21.821026584704274,-20.327951130089232,-21.063590536816612,-20.88721265085488,-19.4297393602899,-18.739556325641942,-20.24275652133834,-23.90888137696262,-23.708898361724014,-21.960304284507817,-22.796387551152762,-22.764952898012375,-22.296990274440592,-20.780720273470212,-21.492614266185928,-22.200676822814334,-22.82099255951333,-23.715289556227763,-22.046463015352092,-22.675723645697563,-23.146477167153282,-21.23440006627908,-21.440021853640296,-22.42513590617991,-22.10609981161027,-20.530029505645278,-22.27347303535365,0.0,0.0,0.0,0.0,0.0,0.0,0.0,0.0,0.0,0.0,0.0,0.0,0.0,0.0,0.0,0.0,0.0,0.0,0.0,0.0,0.0,0.0,0.0,0.0,0.0,0.0,0.0,0.0,0.0,0.0,0.0,0.0,0.0,0.0,0.0,0.0,0.0,0.0,0.0,0.0,0.0,0.0,0.0,0.0,0.0,0.0,0.0,0.0,0.0,0.0,0.0,0.0,0.0,0.0,0.0,0.0,0.0,0.0,0.0,0.0,0.0,0.0,0.0,1001_IEO_HAP_LO.wav
18,-16.269752746161927,-12.99577618506631,-11.131828902338537,-13.525871723851994,-15.079412970488374,-13.447246331725827,-12.591494838473759,-13.405431210146949,-16.277535309926108,-17.268739973736224,-16.547178223855482,-16.286466816591904,-15.047105344487834,-15.323184707225806,-17.095220967825558,-18.168732852082464,-17.738417566840685,-16.694911536467,-17.157082438564736,-17.270942480376302,-15.300649635094256,-14.966358428497017,-14.945485225456482,-14.619396276366139,-15.706731835258042,-18.130833673614912,-17.292090462887348,-17.236241621184103,-17.66562649689336,-18.150859976764906,-21.772337013372688,-23.322658845104645,-23.05374771275844,-22.069518352920316,-22.72008416074351,-23.399171256754816,-23.50670556514501,-22.970149836241987,-21.142852238193083,-21.362206606422326,-21.017610908640943,-22.145414341200414,-22.914054351804946,-20.369255591631035,-21.30678936546248,-22.404737947653537,-24.040379016600557,-30.171520080581647,0.0,0.0,0.0,0.0,0.0,0.0,0.0,0.0,0.0,0.0,0.0,0.0,0.0,0.0,0.0,0.0,0.0,0.0,0.0,0.0,0.0,0.0,0.0,0.0,0.0,0.0,0.0,0.0,0.0,0.0,0.0,0.0,0.0,0.0,0.0,0.0,0.0,0.0,0.0,0.0,0.0,0.0,0.0,0.0,0.0,0.0,0.0,0.0,0.0,0.0,0.0,0.0,0.0,0.0,0.0,0.0,0.0,0.0,0.0,0.0,0.0,0.0,0.0,0.0,0.0,0.0,0.0,1001_IEO_NEU_XX.wav
23,-21.988859263165025,-21.25506949234985,-21.590469910562298,-22.571480820335296,-22.013778354459024,-19.881092053325265,-18.925950001924953,-20.17028859768541,-20.208363122854795,-18.82181773113824,-18.080358824513574,-18.104443267719248,-15.87930938119233,-16.44911498101378,-19.513704006958697,-19.668178554456276,-15.624455202230715,-13.2123609675187,-12.520842810699312,-11.856615113539352,-12.327441090017166,-15.49942889294761,-18.023295313105052,-13.637112244016217,-13.684955145630786,-13.289265830950967,-13.035980408628527,-14.844901901552884,-15.414820519279866,-16.184804083048007,-17.56896341318284,-18.801791316939152,-18.85260768167208,-18.184264204668548,-19.606539087556833,-18.760947611824523,-18.035398573141695,-17.86134894064926,-17.546496591107207,-16.250594219962604,-17.032392615853574,-17.782401418159505,-17.30738043832534,-17.199212894672844,-16.53969051454772,-17.519326740932733,-19.363709800335755,-19.271628923721774,-18.011233593830568,-19.080110631504343,-21.09838636217396,-21.198295013395946,-23.646101386855754,-22.78842673830667,-21.402171999790024,-22.043346136774623,-23.616021915197223,-22.727673170698488,-21.277307878293545,-21.26807460088707,-21.44754345991716,-21.395645749523688,-22.060179545570744,-22.1385573558826,-22.135476371803577,-24.142272184622566,-24.770644588051507,-23.677971879574752,-22.643296557310023,-22.834596372265363,-23.314658131581858,-22.541719403937172,-21.336380142797417,-21.079011914051783,-22.42259592339821,-22.009348846536405,-23.64899636201452,0.0,0.0,0.0,0.0,0.0,0.0,0.0,0.0,0.0,0.0,0.0,0.0,0.0,0.0,0.0,0.0,0.0,0.0,0.0,0.0,0.0,0.0,0.0,0.0,0.0,0.0,0.0,0.0,0.0,0.0,0.0,0.0,0.0,0.0,0.0,0.0,0.0,0.0,1001_IOM_DIS_XX.wav
49,-0.3429272900541442,-2.880966153673028,-12.493141726220804,-13.231798163120398,-11.35807922841131,-12.500732962738663,-13.062357078124192,-11.109599177042941,-12.146979108913152,-13.721213961612083,-14.708345042575921,-16.21044168964831,-17.464726577475787,-17.16587028705272,-16.831955560429865,-15.249591539363353,-13.91992301968715,-16.036607267040367,-16.467763570220686,-15.645844842723978,-15.993331884838799,-16.76048691071035,-14.02636608912705,-12.731936585475268,-13.561529775382711,-15.364211782596922,-11.618354772428729,-8.808711400852115,-9.686826799437878,-12.691351021998615,-13.72426339265162,-14.054759428460072,-12.944083258523815,-15.170507796177496,-16.224866697508638,-18.288617662749797,-19.455055972424535,-19.685597620896736,-20.668443872382035,-20.622130471141755,-21.076509510732745,-21.250150370433985,-22.106812016879044,-23.228069259769118,-22.408198594335772,-21.284703279136178,-21.445986561061286,-21.38598095751973,-22.123996125907688,-21.611504575206986,-21.69138905706527,-21.70824131189157,-20.374411482105035,-20.949046919201542,-21.777190165145328,-22.31857958996604,-20.685889005850164,-21.12629763076825,-20.8020460037251,-21.733958346481227,-22.503500972297182,-21.190180788528075,-19.351518523472976,-18.294627983232928,0.0,0.0,0.0,0.0,0.0,0.0,0.0,0.0,0.0,0.0,0.0,0.0,0.0,0.0,0.0,0.0,0.0,0.0,0.0,0.0,0.0,0.0,0.0,0.0,0.0,0.0,0.0,0.0,0.0,0.0,0.0,0.0,0.0,0.0,0.0,0.0,0.0,0.0,0.0,0.0,0.0,0.0,0.0,0.0,0.0,0.0,0.0,0.0,0.0,0.0,0.0,1001_IWW_HAP_XX.wav
36,-2.2747725008554784,-4.426807555912314,-9.958062512700955,-14.568280568729447,-12.42650319345526,-9.251428781741485,-10.457938836631,-12.097354696398158,-10.669706720553162,-9.246986561539318,-9.537826417356785,-9.415818422556256,-10.9185259039621,-13.23363608928297,-13.698516541511507,-14.753354572478317,-17.43457594238928,-15.088262668206223,-12.413641515731895,-12.461170572577347,-10.809672074605327,-10.26712089021379,-12.998818295356134,-12.242984371497974,-10.945476643828329,-9.968612818578805,-9.72680559573434,-11.492796913115605,-12.053815593237108,-12.826435993586184,-14.225473709184525,-14.374796922084638,-13.58321475795397,-15.101109563328029,-16.808966215984597,-16.277524853724604,-15.801273670804237,-14.852018290793488,-13.740634170273454,-15.47494492346787,-16.977410405835062,-18.963086841472375,-21.507730872335955,-21.783983073160417,-21.680417886277574,-21.755236550672308,-22.441357398770347,-22.618705038546356,-21.815698177378092,-20.632163445515246,-22.30507436612961,-23.65333204400072,-22.720084262902635,-23.15686002113438,-23.3552390347451,-21.108279725386993,-21.091024059122983,-22.275358616998762,-21.08033854712977,-21.68747014879233,-21.73883290898993,-22.105164155134066,-20.162604920760604,-20.53796633643091,-22.17325818012137,-20.449225480331016,-20.868310949310903,-20.91020801925583,-20.93003064924649,-21.434058651210528,-23.965012248471417,0.0,0.0,0.0,0.0,0.0,0.0,0.0,0.0,0.0,0.0,0.0,0.0,0.0,0.0,0.0,0.0,0.0,0.0,0.0,0.0,0.0,0.0,0.0,0.0,0.0,0.0,0.0,0.0,0.0,0.0,0.0,0.0,0.0,0.0,0.0,0.0,0.0,0.0,0.0,0.0,0.0,0.0,0.0,0.0,1001_ITS_FEA_XX.wav
20,-23.25721264670636,-21.767693813515468,-19.70241765474085,-19.116678993774222,-15.346423639405561,-15.380173211488623,-14.945637432717644,-15.39732504630037,-18.7879024152952,-16.22344419543891,-14.200835813331109,-14.839336722636643,-13.148538699405464,-10.938565190058704,-12.15874042983086,-13.179897765259609,-14.41741758647535,-16.539866510159793,-16.24671415401927,-15.286859220026658,-15.764605925068423,-16.524307338539295,-18.968594883317216,-19.12445187108085,-18.927038644729592,-18.881341626251245,-17.801988021457422,-19.665674751713382,-16.971524854126002,-15.458136543777202,-16.593423571250675,-19.93343965367825,-20.443680496623543,-18.917612346112133,-20.2674712405205,-19.695242539992712,-21.98838886957395,-22.715877749207934,-20.726851838987223,-20.58440013978827,-22.526865401671525,-21.650003945570226,-22.605150445272326,-23.354766036504206,-23.97540120195034,-22.47112377995127,-21.71875059322375,-21.007642074964338,-22.58004013960003,-21.601801091239054,-20.96470346972034,-21.933147712776037,-21.239185052382176,-20.303897814877658,-21.06916649128288,-22.293188066878802,-21.831262944300555,-20.721559495389776,-19.932419162790794,-21.83800372743841,-24.906710922343795,0.0,0.0,0.0,0.0,0.0,0.0,0.0,0.0,0.0,0.0,0.0,0.0,0.0,0.0,0.0,0.0,0.0,0.0,0.0,0.0,0.0,0.0,0.0,0.0,0.0,0.0,0.0,0.0,0.0,0.0,0.0,0.0,0.0,0.0,0.0,0.0,0.0,0.0,0.0,0.0,0.0,0.0,0.0,0.0,0.0,0.0,0.0,0.0,0.0,0.0,0.0,0.0,0.0,0.0,1001_IEO_SAD_LO.wav
10,-17.179337009238928,-16.97829480560463,-16.445927354270932,-16.639090359508597,-16.574622423775498,-17.208854321494588,-18.30850352268003,-20.123357530409546,-21.078941789603793,-20.463330206392193,-18.45560057221655,-18.808273529598452,-19.018003980557065,-20.11547472536229,-20.666393257644316,-20.939785797571343,-19.92028937019757,-19.852197686659117,-18.6921788861888,-17.306745118578963,-18.822906074947113,-19.34391332839904,-18.654287086758305,-19.58041367559952,-20.360802785452304,-22.345895398517396,-19.497380184206627,-17.768795513726158,-18.29518573517979,-21.15490395137081,-21.76846308999588,-21.932056180145555,-20.100420995519134,-19.929140924509607,-21.11685781555511,-21.259639172941828,-22.444301782223615,-23.593817271965996,-22.519789648346464,-22.606886691025394,-22.76876624747361,-22.756657058288347,-22.65233382058404,-23.809004374304287,-22.871591564622733,-22.387768361568284,-24.14661790420814,-22.621306730588564,-21.297748843086293,-22.746561132560863,-22.926932082784113,-21.899982604838577,-21.59473188937198,-22.471008364604867,-22.182906544145812,-21.900184041780903,-24.496338920969077,-25.816057580482383,-25.027973065812148,-21.956266889127967,-21.307267019627325,-21.37356470775763,-23.15565223140319,-22.7463319894864,-23.02929512590221,0.0,0.0,0.0,0.0,0.0,0.0,0.0,0.0,0.0,0.0,0.0,0.0,0.0,0.0,0.0,0.0,0.0,0.0,0.0,0.0,0.0,0.0,0.0,0.0,0.0,0.0,0.0,0.0,0.0,0.0,0.0,0.0,0.0,0.0,0.0,0.0,0.0,0.0,0.0,0.0,0.0,0.0,0.0,0.0,0.0,0.0,0.0,0.0,0.0,0.0,1001_IEO_DIS_LO.wav
8,-21.342466299141975,-20.54614428020736,-19.70922626276404,-18.99883707192635,-18.537827078859234,-15.746473898272741,-15.625630575577,-16.088729893920142,-15.299017468336437,-15.431674541319287,-16.521089321678378,-14.603460871053016,-12.643637800156124,-13.212065962617201,-15.244540065647167,-17.625485020719918,-16.309199897424218,-15.245411771700462,-16.431569162963527,-15.277127121796033,-13.635152307280169,-14.67360196029272,-13.988902257208085,-14.205601563561155,-16.107940374013538,-16.772355407587256,-15.16791898694401,-14.109063091569535,-15.586898308706465,-18.333001403895693,-20.239131176926694,-20.71574468716286,-21.659765245497077,-20.868736826751466,-19.604835089078456,-19.739871878070996,-19.958713456440815,-19.345840143922782,-18.862516376747383,-15.547073680911527,-12.835718389766823,-10.31613241613585,-10.989465832658793,-13.091238794703141,-15.591056107824711,-16.22194714939982,-14.212110175238955,-15.694981077139868,-16.897825375938275,-20.37676532645302,-19.364467322274937,-16.232657589449193,-12.74924634276065,-12.098863074357732,-11.958221013570737,-13.429057219260134,-14.917724416125832,-11.672357530308123,-12.185354707478442,-12.854048009656454,-14.6100065407414,-16.654495190264182,-18.364239320871743,-19.94352955867255,-17.44398508606362,-16.59942354137594,-18.72039215522901,-19.732275574264257,-19.758144166876402,-19.96017713170064,-20.629756887099287,-21.240630838127775,-21.857327601149844,-22.578742458402033,-23.238885097988444,-21.071293783978508,-20.956559867376654,-21.565557852903233,-22.482979424549885,-22.882783237490976,-24.101770955623536,-24.233094133330535,-21.5659215694294,-22.236496449698663,-23.166914545070103,-24.473305036551867,-23.399137266360185,-22.620943890053006,-22.866876669500627,-20.744791025256543,-20.157054236331632,-21.978891823308476,0.0,0.0,0.0,0.0,0.0,0.0,0.0,0.0,0.0,0.0,0.0,0.0,0.0,0.0,0.0,0.0,0.0,0.0,0.0,0.0,0.0,0.0,0.0,1001_IEO_ANG_MD.wav
1,-23.479240299465133,-19.59019210898587,-17.48976531418924,-10.816439007835866,-8.98678245175541,-11.38172410876255,-14.050865585079473,-15.957808877892072,-15.07707655931781,-14.551327032313178,-16.410522818017586,-17.154340843027427,-17.21633966766437,-16.007042018322885,-13.938256826926551,-12.745428367548676,-11.964464488143317,-12.483787708214619,-13.569663192324338,-14.550422722006983,-14.591785913091432,-15.87935092066577,-16.798499941830496,-18.00321271960547,-18.45745912711434,-16.713557724194253,-16.2569472000225,-15.939731735463859,-15.326622835401947,-14.33441832591378,-13.020909763663914,-13.047468359202883,-13.824443210258437,-14.275392379680044,-13.45172995432471,-12.895628413493094,-12.849646521059016,-13.036023678829803,-13.9920335917162,-15.778015122288155,-16.197457385654964,-14.954864001543932,-17.40367920905069,-20.60155181706241,-19.566271949986305,-17.219875132470325,-17.137761119141594,-20.70201835078706,-21.772716548911887,-22.399132357003392,-20.18807289809608,-19.923814028709817,-21.803442717576193,-21.486328767502737,-21.42583647949465,-22.182923616906205,-19.904271984521735,-19.923234537526064,-20.560610922902324,-19.986155451315618,-21.28196849770497,-20.789839603362278,-21.52260762170984,-22.182960861242307,-20.36161509119656,-20.9659879422147,-23.568137759537812,-22.100681421415956,-22.026031394969074,-20.804639879051656,-21.944546182782325,-22.625137958142282,-21.46735678499311,-22.301939315597956,-22.306573842483893,-21.157078566815013,-20.495465669135644,-21.69862717872004,-23.16985002661348,-25.273679037078026,0.0,0.0,0.0,0.0,0.0,0.0,0.0,0.0,0.0,0.0,0.0,0.0,0.0,0.0,0.0,0.0,0.0,0.0,0.0,0.0,0.0,0.0,0.0,0.0,0.0,0.0,0.0,0.0,0.0,0.0,0.0,0.0,0.0,0.0,0.0,1001_DFA_DIS_XX.wav
6,0.4807603153747647,-2.521864292720809,-11.663002193300883,-10.077169145398459,-9.655074005459614,-10.506826832183625,-13.010620514792057,-16.299347166982315,-14.761129551909193,-14.983482353085954,-16.209051367082893,-16.851670675270213,-16.04937314918203,-12.976868518363704,-11.073532874903007,-12.728308356214797,-13.19800239732918,-13.920515248957948,-13.987406437865415,-14.948992899677002,-17.09358699993005,-16.069240864394054,-15.246329850245242,-14.427459825173019,-12.019101769132002,-11.956055752205348,-13.359038104032884,-13.685515814745715,-11.48371347624955,-10.216499133966524,-11.676195477794225,-14.196875645009445,-16.498728053948682,-19.66900134485975,-18.890138815314835,-16.16334319693683,-17.06689603878601,-16.98058645976129,-17.531963532889815,-16.480004886187025,-17.03137772599163,-17.717269763736986,-20.546387551378896,-22.13319502180887,-21.740182038128125,-20.626303825992167,-20.577968328120274,-17.621314179659624,-16.830411897659186,-18.48830391481961,-21.629743303263357,-20.800271630799383,-21.994362161082265,-22.243265259746163,-22.481290032046875,-22.46019744729375,-23.03444539501506,-21.925104978409436,-21.759638383531044,-21.56175601226977,-21.810180363190128,-21.416703517413723,0.0,0.0,0.0,0.0,0.0,0.0,0.0,0.0,0.0,0.0,0.0,0.0,0.0,0.0,0.0,0.0,0.0,0.0,0.0,0.0,0.0,0.0,0.0,0.0,0.0,0.0,0.0,0.0,0.0,0.0,0.0,0.0,0.0,0.0,0.0,0.0,0.0,0.0,0.0,0.0,0.0,0.0,0.0,0.0,0.0,0.0,0.0,0.0,0.0,0.0,0.0,0.0,0.0,1001_IEO_ANG_HI.wav
9,-9.845810405006354,-10.788318652802594,-13.161136555660741,-13.694113319055834,-11.885598416380482,-11.787411369331206,-14.692069102170343,-14.48247118378907,-15.619431179476711,-16.681078957998757,-18.81493810241793,-18.847625425239478,-17.25005929801944,-15.730518620866466,-14.148040793438517,-14.737320539167728,-15.202421516358417,-15.989319711797911,-17.950611246544437,-15.885686992816309,-13.042575459903553,-12.453466989336977,-11.38554530049483,-11.267125195758162,-9.41151163335631,-8.887284830094426,-9.897665164128698,-13.338371809237929,-13.929030414257245,-14.914377364932632,-17.887561169241692,-18.475513826512202,-17.810515315085794,-18.961186418444036,-19.516426217211652,-20.492893336167985,-20.96068869963227,-20.489736904822163,-20.3729382216177,-19.81057347136378,-20.0731330302745,-22.692843932143468,-21.8461313964785,-19.812534533986984,-20.249175537075306,-21.66955500960721,-22.165151410954383,-22.06188794771372,-21.552727848065658,-22.086718383252023,-22.547213204695787,-20.477591702684286,-20.562899267261983,-21.089791945005366,-22.441211941768522,-22.109176642347492,-21.71528218986854,-20.87017404619653,-20.86341796286172,-22.74170487763009,-22.889874969825296,-21.763682048228834,-21.017952324298758,-21.092455956619805,-23.971758727012876,0.0,0.0,0.0,0.0,0.0,0.0,0.0,0.0,0.0,0.0,0.0,0.0,0.0,0.0,0.0,0.0,0.0,0.0,0.0,0.0,0.0,0.0,0.0,0.0,0.0,0.0,0.0,0.0,0.0,0.0,0.0,0.0,0.0,0.0,0.0,0.0,0.0,0.0,0.0,0.0,0.0,0.0,0.0,0.0,0.0,0.0,0.0,0.0,0.0,0.0,1001_IEO_DIS_HI.wav
38,-6.602489510605846,-8.473470280849666,-11.603807958702307,-14.719896266940728,-17.180831874788762,-19.074948139595588,-15.933827935245647,-14.771202043093957,-15.744989238057482,-17.609177204116058,-16.980976624027672,-15.323387241028339,-12.617639468398218,-9.680927481422664,-7.945105597882977,-10.711446682533099,-12.461185699314756,-13.908146768735666,-15.974486192044541,-16.118593324624072,-15.990767557422375,-15.559491399564893,-15.63288721997975,-14.744004652817583,-14.94886039870488,-14.471393463011356,-15.079567793177473,-16.948923398589763,-18.62856114905363,-18.355827848665054,-19.46618967341579,-15.887666361659795,-14.23727634929662,-15.896793729171073,-16.954274339953205,-15.619517043987262,-14.777127746891786,-15.371901643423277,-16.827661692382335,-20.19591618618788,-21.390768368917673,-19.1404997380131,-15.302479663341915,-12.774585967568585,-14.142060408829462,-16.004012461265795,-16.4570013429641,-17.912038138130097,-18.298023432998058,-19.154271928824123,-19.283780357133693,-18.80510514104606,-17.9254099652512,-17.892789868864018,-20.161202819312777,-20.288246575296114,-20.720000299990787,-21.882085034056875,-22.11345876609916,-22.77000926768121,-23.744579286664422,-21.54680551587888,-20.849192808374674,-22.228301882320423,-22.085386721781923,-22.40575911459806,-21.297955649276563,-22.43166619677114,-23.07150751501974,-22.216486240566837,-22.71697862903085,-24.4211959987173,-24.051930274066862,-23.157379607384033,-23.660786309343493,-23.50942341743262,-20.441246713565167,-19.66329929651315,-20.059240920481308,-22.45276226449683,-22.426246621134602,-22.042394220319196,-23.509165015634032,-27.080367856655446,0.0,0.0,0.0,0.0,0.0,0.0,0.0,0.0,0.0,0.0,0.0,0.0,0.0,0.0,0.0,0.0,0.0,0.0,0.0,0.0,0.0,0.0,0.0,0.0,0.0,0.0,0.0,0.0,0.0,0.0,0.0,1001_ITS_NEU_XX.wav
25,-10.927693547812408,-11.882919284195085,-13.86265821573189,-13.635241096113013,-14.961179148692729,-16.052384879931967,-17.819783307703744,-20.79304164140867,-18.579093599816197,-15.298595863631855,-13.148300620804878,-12.329063111022407,-13.347307529408905,-14.905375903514873,-16.108945891001838,-13.41452482799424,-13.251392552852975,-15.22185035747235,-17.399430536072128,-15.610600446538728,-15.701498953716708,-18.003881987562668,-16.800891563510124,-13.349501023684137,-14.793574799802071,-15.525991853620484,-15.209442519895223,-13.73324123383279,-11.046016817074362,-9.149467259013425,-10.301833822998313,-14.728003686353391,-18.744487676797316,-20.680950349528832,-22.224885044937686,-19.880130000401515,-18.581686328219657,-20.18370389633876,-20.58815962808273,-22.274178859362124,-21.77568430982929,-20.30244281583652,-21.533505718325713,-20.916503688209566,-19.230547400203076,-21.669422957719373,-22.28933345704526,-21.593663677857684,-21.32094565976886,-23.924478264937747,-22.76073567921313,-22.216048228191628,-22.623410393472607,-22.138865293970778,-21.229396031150408,-21.739759539885878,-21.959969878853215,-22.020357326352737,-21.40851397791041,-22.258649720104618,-22.80672744703174,-22.002251925379575,-22.644076965569866,-21.66496327197728,-23.392891775747355,0.0,0.0,0.0,0.0,0.0,0.0,0.0,0.0,0.0,0.0,0.0,0.0,0.0,0.0,0.0,0.0,0.0,0.0,0.0,0.0,0.0,0.0,0.0,0.0,0.0,0.0,0.0,0.0,0.0,0.0,0.0,0.0,0.0,0.0,0.0,0.0,0.0,0.0,0.0,0.0,0.0,0.0,0.0,0.0,0.0,0.0,0.0,0.0,0.0,0.0,1001_IOM_HAP_XX.wav
7,-13.101812121868521,-13.535129111542691,-15.375194113391158,-14.446588798198928,-14.958408300067388,-13.288024792041153,-12.406219999565987,-11.932282844225002,-13.497998744291587,-15.190998920301674,-17.022892571636426,-14.821321647734807,-12.32746182385212,-12.346378046465464,-15.528735997439444,-15.488276874236881,-15.492978900685925,-16.738178535017745,-16.522398689373844,-14.489785976998139,-10.772673943550007,-9.555520705766154,-9.761942245703564,-12.215990501459999,-12.339286912181214,-11.59668869554756,-13.144572067365223,-16.60390269425915,-17.948606553193375,-18.068030231605945,-18.30811539959477,-19.76713887633789,-19.1898470542426,-17.76198084031494,-19.29658817453942,-21.635262279141305,-21.37552826609705,-20.619384570879326,-20.95013555602998,-22.07448622769279,-22.927525321936702,-21.58615804751341,-21.1656719033482,-23.964564722138103,-22.985227399632322,-22.107649465642282,-22.47421612687235,-22.572768468116262,-21.41073368518387,-20.28081982941944,-20.181720266569393,-21.144172701924244,-22.83150590574424,-22.757802456148845,-21.529029446017166,-22.49734762658609,-21.181416919422112,-20.81927964551465,-21.602095807348714,-22.782875960344004,-23.08346335797232,-22.322783785562937,-22.56074086203141,-20.561098776201725,-19.044652490926993,-19.320933457717505,-21.151717312637516,-23.383836875822723,0.0,0.0,0.0,0.0,0.0,0.0,0.0,0.0,0.0,0.0,0.0,0.0,0.0,0.0,0.0,0.0,0.0,0.0,0.0,0.0,0.0,0.0,0.0,0.0,0.0,0.0,0.0,0.0,0.0,0.0,0.0,0.0,0.0,0.0,0.0,0.0,0.0,0.0,0.0,0.0,0.0,0.0,0.0,0.0,0.0,0.0,0.0,1001_IEO_ANG_LO.wav
48,-8.113785279877206,-7.021020518585574,-8.053759963928533,-10.965266112878142,-14.037429927606961,-15.150656431740382,-13.902690210145192,-12.585866087791423,-12.173023342164567,-11.547089453610862,-12.344196729913623,-13.206303203952555,-11.134269091580736,-9.082903331010746,-9.092166506978204,-10.683106333890176,-10.583203656673208,-9.422583746348101,-9.514933100544408,-12.756715327175765,-12.996593693564968,-10.884554996925386,-11.753693576346581,-13.15496679276539,-13.574843703504833,-14.522538177169253,-14.794826706991769,-12.112697848686727,-11.964801728533356,-12.375237253831946,-12.833192692075313,-13.414073777761168,-13.78477312699571,-14.971984858698303,-17.36190238004132,-17.736683863860215,-19.184646232664452,-22.108259432267953,-21.151333018201573,-21.22903279124832,-21.844581802880946,-22.381142289317232,-22.500439653922854,-22.49865032364878,-21.020094346924193,-20.666693320034007,-22.941824619328678,-22.649482657664034,-20.713031116923915,-20.444995482635044,-20.556918979212885,-21.42240795877697,-21.667415618499515,-22.99293610201203,-22.61621920977922,-21.42659884775567,-20.43087672624207,-21.508152852742974,-21.98920271363196,-19.899707960453174,-20.877185020642642,-23.24528919547657,-22.030549281157754,-19.645544893460368,-20.56791468268315,-22.56644219026702,-20.991581320253935,-21.78426865147275,-21.825327188412867,-20.738838345256383,-21.275271813346606,-22.38213191928149,-23.358823462434625,-23.865732336385328,0.0,0.0,0.0,0.0,0.0,0.0,0.0,0.0,0.0,0.0,0.0,0.0,0.0,0.0,0.0,0.0,0.0,0.0,0.0,0.0,0.0,0.0,0.0,0.0,0.0,0.0,0.0,0.0,0.0,0.0,0.0,0.0,0.0,0.0,0.0,0.0,0.0,0.0,0.0,0.0,0.0,1001_IWW_FEA_XX.wav
